ML-KEM-512|1|roundtrip_ss_eq=1|positive-pairing-witnessed
ML-KEM-512|2|roundtrip_ss_eq=1|positive-pairing-witnessed
ML-KEM-512|3|roundtrip_ss_eq=1|positive-pairing-witnessed
ML-KEM-512|4|roundtrip_ss_eq=1|positive-pairing-witnessed
ML-KEM-512|5|roundtrip_ss_eq=1|positive-pairing-witnessed
ML-KEM-512|6|roundtrip_ss_eq=1|positive-pairing-witnessed
ML-KEM-512|7|roundtrip_ss_eq=1|positive-pairing-witnessed
ML-KEM-512|8|roundtrip_ss_eq=1|positive-pairing-witnessed
ML-KEM-512|9|roundtrip_ss_eq=1
ML-KEM-512|10|roundtrip_ss_eq=1
ML-KEM-512|11|roundtrip_ss_eq=1
ML-KEM-512|12|roundtrip_ss_eq=1
ML-KEM-512|13|roundtrip_ss_eq=1
ML-KEM-512|14|roundtrip_ss_eq=1
ML-KEM-512|15|roundtrip_ss_eq=1
ML-KEM-512|16|roundtrip_ss_eq=1
ML-KEM-512|17|roundtrip_ss_eq=1
ML-KEM-512|18|roundtrip_ss_eq=1
ML-KEM-512|19|roundtrip_ss_eq=1
ML-KEM-512|20|roundtrip_ss_eq=1
ML-KEM-512|21|roundtrip_ss_eq=1
ML-KEM-512|22|roundtrip_ss_eq=1
ML-KEM-512|23|roundtrip_ss_eq=1
ML-KEM-512|24|roundtrip_ss_eq=1
ML-KEM-512|25|roundtrip_ss_eq=1
ML-KEM-512|26|roundtrip_ss_eq=1
ML-KEM-512|27|roundtrip_ss_eq=1
ML-KEM-512|28|roundtrip_ss_eq=1
ML-KEM-512|29|roundtrip_ss_eq=1
ML-KEM-512|30|roundtrip_ss_eq=1
ML-KEM-512|31|roundtrip_ss_eq=1
ML-KEM-512|32|roundtrip_ss_eq=1
ML-KEM-768|1|roundtrip_ss_eq=1|positive-pairing-witnessed
ML-KEM-768|2|roundtrip_ss_eq=1|positive-pairing-witnessed
ML-KEM-768|3|roundtrip_ss_eq=1|positive-pairing-witnessed
ML-KEM-768|4|roundtrip_ss_eq=1|positive-pairing-witnessed
ML-KEM-768|5|roundtrip_ss_eq=1|positive-pairing-witnessed
ML-KEM-768|6|roundtrip_ss_eq=1|positive-pairing-witnessed
ML-KEM-768|7|roundtrip_ss_eq=1|positive-pairing-witnessed
ML-KEM-768|8|roundtrip_ss_eq=1|positive-pairing-witnessed
ML-KEM-768|9|roundtrip_ss_eq=1
ML-KEM-768|10|roundtrip_ss_eq=1
ML-KEM-768|11|roundtrip_ss_eq=1
ML-KEM-768|12|roundtrip_ss_eq=1
ML-KEM-768|13|roundtrip_ss_eq=1
ML-KEM-768|14|roundtrip_ss_eq=1
ML-KEM-768|15|roundtrip_ss_eq=1
ML-KEM-768|16|roundtrip_ss_eq=1
ML-KEM-768|17|roundtrip_ss_eq=1
ML-KEM-768|18|roundtrip_ss_eq=1
ML-KEM-768|19|roundtrip_ss_eq=1
ML-KEM-768|20|roundtrip_ss_eq=1
ML-KEM-768|21|roundtrip_ss_eq=1
ML-KEM-768|22|roundtrip_ss_eq=1
ML-KEM-768|23|roundtrip_ss_eq=1
ML-KEM-768|24|roundtrip_ss_eq=1
ML-KEM-768|25|roundtrip_ss_eq=1
ML-KEM-768|26|roundtrip_ss_eq=1
ML-KEM-768|27|roundtrip_ss_eq=1
ML-KEM-768|28|roundtrip_ss_eq=1
ML-KEM-768|29|roundtrip_ss_eq=1
ML-KEM-768|30|roundtrip_ss_eq=1
ML-KEM-768|31|roundtrip_ss_eq=1
ML-KEM-768|32|roundtrip_ss_eq=1
ML-KEM-1024|1|roundtrip_ss_eq=1|positive-pairing-witnessed
ML-KEM-1024|2|roundtrip_ss_eq=1|positive-pairing-witnessed
ML-KEM-1024|3|roundtrip_ss_eq=1|positive-pairing-witnessed
ML-KEM-1024|4|roundtrip_ss_eq=1|positive-pairing-witnessed
ML-KEM-1024|5|roundtrip_ss_eq=1|positive-pairing-witnessed
ML-KEM-1024|6|roundtrip_ss_eq=1|positive-pairing-witnessed
ML-KEM-1024|7|roundtrip_ss_eq=1|positive-pairing-witnessed
ML-KEM-1024|8|roundtrip_ss_eq=1|positive-pairing-witnessed
ML-KEM-1024|9|roundtrip_ss_eq=1
ML-KEM-1024|10|roundtrip_ss_eq=1
ML-KEM-1024|11|roundtrip_ss_eq=1
ML-KEM-1024|12|roundtrip_ss_eq=1
ML-KEM-1024|13|roundtrip_ss_eq=1
ML-KEM-1024|14|roundtrip_ss_eq=1
ML-KEM-1024|15|roundtrip_ss_eq=1
ML-KEM-1024|16|roundtrip_ss_eq=1
ML-KEM-1024|17|roundtrip_ss_eq=1
ML-KEM-1024|18|roundtrip_ss_eq=1
ML-KEM-1024|19|roundtrip_ss_eq=1
ML-KEM-1024|20|roundtrip_ss_eq=1
ML-KEM-1024|21|roundtrip_ss_eq=1
ML-KEM-1024|22|roundtrip_ss_eq=1
ML-KEM-1024|23|roundtrip_ss_eq=1
ML-KEM-1024|24|roundtrip_ss_eq=1
ML-KEM-1024|25|roundtrip_ss_eq=1
ML-KEM-1024|26|roundtrip_ss_eq=1
ML-KEM-1024|27|roundtrip_ss_eq=1
ML-KEM-1024|28|roundtrip_ss_eq=1
ML-KEM-1024|29|roundtrip_ss_eq=1
ML-KEM-1024|30|roundtrip_ss_eq=1
ML-KEM-1024|31|roundtrip_ss_eq=1
ML-KEM-1024|32|roundtrip_ss_eq=1
SUMMARY|rows=96|failures=0
