META|avx2=1|liboqs=0.16.0
valid-control|ML-KEM-512|pass|seed:20262824|rc=0|accepted
valid-control|ML-KEM-512|pass|seed:20262825|rc=0|accepted
valid-control|ML-KEM-512|pass|seed:20262826|rc=0|accepted
valid-control|ML-KEM-512|pass|seed:20262827|rc=0|accepted
valid-control|ML-KEM-512|pass|seed:20262828|rc=0|accepted
valid-control|ML-KEM-512|pass|seed:20262829|rc=0|accepted
valid-control|ML-KEM-512|pass|seed:20262830|rc=0|accepted
valid-control|ML-KEM-512|pass|seed:20262831|rc=0|accepted
valid-control|ML-KEM-512|pass|seed:20262832|rc=0|accepted
valid-control|ML-KEM-512|pass|seed:20262833|rc=0|accepted
valid-control|ML-KEM-512|pass|seed:20262834|rc=0|accepted
valid-control|ML-KEM-512|pass|seed:20262835|rc=0|accepted
valid-control|ML-KEM-512|pass|seed:20262836|rc=0|accepted
valid-control|ML-KEM-512|pass|seed:20262837|rc=0|accepted
valid-control|ML-KEM-512|pass|seed:20262838|rc=0|accepted
valid-control|ML-KEM-512|pass|seed:20262839|rc=0|accepted
valid-control|ML-KEM-512|pass|seed:20262840|rc=0|accepted
valid-control|ML-KEM-512|pass|seed:20262841|rc=0|accepted
valid-control|ML-KEM-512|pass|seed:20262842|rc=0|accepted
valid-control|ML-KEM-512|pass|seed:20262843|rc=0|accepted
valid-control|ML-KEM-512|pass|seed:20262844|rc=0|accepted
valid-control|ML-KEM-512|pass|seed:20262845|rc=0|accepted
valid-control|ML-KEM-512|pass|seed:20262846|rc=0|accepted
valid-control|ML-KEM-512|pass|seed:20262847|rc=0|accepted
valid-control|ML-KEM-512|pass|seed:20262848|rc=0|accepted
valid-control|ML-KEM-512|pass|seed:20262849|rc=0|accepted
valid-control|ML-KEM-512|pass|seed:20262850|rc=0|accepted
valid-control|ML-KEM-512|pass|seed:20262851|rc=0|accepted
valid-control|ML-KEM-512|pass|seed:20262852|rc=0|accepted
valid-control|ML-KEM-512|pass|seed:20262853|rc=0|accepted
valid-control|ML-KEM-512|pass|seed:20262854|rc=0|accepted
valid-control|ML-KEM-512|pass|seed:20262855|rc=0|accepted
noncanon-q3329-first|ML-KEM-512|fail-modulus|seed:779000+coeff[0]:=3329|rc=-1|rejected
noncanon-v4000-first|ML-KEM-512|fail-modulus|seed:779000+coeff[0]:=4000|rc=-1|rejected
noncanon-max4095-first|ML-KEM-512|fail-modulus|seed:779000+coeff[0]:=4095|rc=-1|rejected
noncanon-q3329-middle|ML-KEM-512|fail-modulus|seed:779000+coeff[256]:=3329|rc=-1|rejected
noncanon-v4000-middle|ML-KEM-512|fail-modulus|seed:779000+coeff[256]:=4000|rc=-1|rejected
noncanon-max4095-middle|ML-KEM-512|fail-modulus|seed:779000+coeff[256]:=4095|rc=-1|rejected
noncanon-q3329-last|ML-KEM-512|fail-modulus|seed:779000+coeff[511]:=3329|rc=-1|rejected
noncanon-v4000-last|ML-KEM-512|fail-modulus|seed:779000+coeff[511]:=4000|rc=-1|rejected
noncanon-max4095-last|ML-KEM-512|fail-modulus|seed:779000+coeff[511]:=4095|rc=-1|rejected
len-minus-1|ML-KEM-512|fail-type|derived:len-1|rc=n/a|inexpressible-at-api
len-plus-1|ML-KEM-512|fail-type|derived:len+1|rc=n/a|inexpressible-at-api
rho-zero|ML-KEM-512|pass|derived:rho-mutation|rc=0|accepted
rho-ff|ML-KEM-512|pass|derived:rho-mutation|rc=0|accepted
rho-prng-a|ML-KEM-512|pass|derived:rho-mutation|rc=0|accepted
rho-prng-b|ML-KEM-512|pass|derived:rho-mutation|rc=0|accepted
valid-control|ML-KEM-768|pass|seed:20263824|rc=0|accepted
valid-control|ML-KEM-768|pass|seed:20263825|rc=0|accepted
valid-control|ML-KEM-768|pass|seed:20263826|rc=0|accepted
valid-control|ML-KEM-768|pass|seed:20263827|rc=0|accepted
valid-control|ML-KEM-768|pass|seed:20263828|rc=0|accepted
valid-control|ML-KEM-768|pass|seed:20263829|rc=0|accepted
valid-control|ML-KEM-768|pass|seed:20263830|rc=0|accepted
valid-control|ML-KEM-768|pass|seed:20263831|rc=0|accepted
valid-control|ML-KEM-768|pass|seed:20263832|rc=0|accepted
valid-control|ML-KEM-768|pass|seed:20263833|rc=0|accepted
valid-control|ML-KEM-768|pass|seed:20263834|rc=0|accepted
valid-control|ML-KEM-768|pass|seed:20263835|rc=0|accepted
valid-control|ML-KEM-768|pass|seed:20263836|rc=0|accepted
valid-control|ML-KEM-768|pass|seed:20263837|rc=0|accepted
valid-control|ML-KEM-768|pass|seed:20263838|rc=0|accepted
valid-control|ML-KEM-768|pass|seed:20263839|rc=0|accepted
valid-control|ML-KEM-768|pass|seed:20263840|rc=0|accepted
valid-control|ML-KEM-768|pass|seed:20263841|rc=0|accepted
valid-control|ML-KEM-768|pass|seed:20263842|rc=0|accepted
valid-control|ML-KEM-768|pass|seed:20263843|rc=0|accepted
valid-control|ML-KEM-768|pass|seed:20263844|rc=0|accepted
valid-control|ML-KEM-768|pass|seed:20263845|rc=0|accepted
valid-control|ML-KEM-768|pass|seed:20263846|rc=0|accepted
valid-control|ML-KEM-768|pass|seed:20263847|rc=0|accepted
valid-control|ML-KEM-768|pass|seed:20263848|rc=0|accepted
valid-control|ML-KEM-768|pass|seed:20263849|rc=0|accepted
valid-control|ML-KEM-768|pass|seed:20263850|rc=0|accepted
valid-control|ML-KEM-768|pass|seed:20263851|rc=0|accepted
valid-control|ML-KEM-768|pass|seed:20263852|rc=0|accepted
valid-control|ML-KEM-768|pass|seed:20263853|rc=0|accepted
valid-control|ML-KEM-768|pass|seed:20263854|rc=0|accepted
valid-control|ML-KEM-768|pass|seed:20263855|rc=0|accepted
noncanon-q3329-first|ML-KEM-768|fail-modulus|seed:780000+coeff[0]:=3329|rc=-1|rejected
noncanon-v4000-first|ML-KEM-768|fail-modulus|seed:780000+coeff[0]:=4000|rc=-1|rejected
noncanon-max4095-first|ML-KEM-768|fail-modulus|seed:780000+coeff[0]:=4095|rc=-1|rejected
noncanon-q3329-middle|ML-KEM-768|fail-modulus|seed:780000+coeff[384]:=3329|rc=-1|rejected
noncanon-v4000-middle|ML-KEM-768|fail-modulus|seed:780000+coeff[384]:=4000|rc=-1|rejected
noncanon-max4095-middle|ML-KEM-768|fail-modulus|seed:780000+coeff[384]:=4095|rc=-1|rejected
noncanon-q3329-last|ML-KEM-768|fail-modulus|seed:780000+coeff[767]:=3329|rc=-1|rejected
noncanon-v4000-last|ML-KEM-768|fail-modulus|seed:780000+coeff[767]:=4000|rc=-1|rejected
noncanon-max4095-last|ML-KEM-768|fail-modulus|seed:780000+coeff[767]:=4095|rc=-1|rejected
len-minus-1|ML-KEM-768|fail-type|derived:len-1|rc=n/a|inexpressible-at-api
len-plus-1|ML-KEM-768|fail-type|derived:len+1|rc=n/a|inexpressible-at-api
rho-zero|ML-KEM-768|pass|derived:rho-mutation|rc=0|accepted
rho-ff|ML-KEM-768|pass|derived:rho-mutation|rc=0|accepted
rho-prng-a|ML-KEM-768|pass|derived:rho-mutation|rc=0|accepted
rho-prng-b|ML-KEM-768|pass|derived:rho-mutation|rc=0|accepted
valid-control|ML-KEM-1024|pass|seed:20264824|rc=0|accepted
valid-control|ML-KEM-1024|pass|seed:20264825|rc=0|accepted
valid-control|ML-KEM-1024|pass|seed:20264826|rc=0|accepted
valid-control|ML-KEM-1024|pass|seed:20264827|rc=0|accepted
valid-control|ML-KEM-1024|pass|seed:20264828|rc=0|accepted
valid-control|ML-KEM-1024|pass|seed:20264829|rc=0|accepted
valid-control|ML-KEM-1024|pass|seed:20264830|rc=0|accepted
valid-control|ML-KEM-1024|pass|seed:20264831|rc=0|accepted
valid-control|ML-KEM-1024|pass|seed:20264832|rc=0|accepted
valid-control|ML-KEM-1024|pass|seed:20264833|rc=0|accepted
valid-control|ML-KEM-1024|pass|seed:20264834|rc=0|accepted
valid-control|ML-KEM-1024|pass|seed:20264835|rc=0|accepted
valid-control|ML-KEM-1024|pass|seed:20264836|rc=0|accepted
valid-control|ML-KEM-1024|pass|seed:20264837|rc=0|accepted
valid-control|ML-KEM-1024|pass|seed:20264838|rc=0|accepted
valid-control|ML-KEM-1024|pass|seed:20264839|rc=0|accepted
valid-control|ML-KEM-1024|pass|seed:20264840|rc=0|accepted
valid-control|ML-KEM-1024|pass|seed:20264841|rc=0|accepted
valid-control|ML-KEM-1024|pass|seed:20264842|rc=0|accepted
valid-control|ML-KEM-1024|pass|seed:20264843|rc=0|accepted
valid-control|ML-KEM-1024|pass|seed:20264844|rc=0|accepted
valid-control|ML-KEM-1024|pass|seed:20264845|rc=0|accepted
valid-control|ML-KEM-1024|pass|seed:20264846|rc=0|accepted
valid-control|ML-KEM-1024|pass|seed:20264847|rc=0|accepted
valid-control|ML-KEM-1024|pass|seed:20264848|rc=0|accepted
valid-control|ML-KEM-1024|pass|seed:20264849|rc=0|accepted
valid-control|ML-KEM-1024|pass|seed:20264850|rc=0|accepted
valid-control|ML-KEM-1024|pass|seed:20264851|rc=0|accepted
valid-control|ML-KEM-1024|pass|seed:20264852|rc=0|accepted
valid-control|ML-KEM-1024|pass|seed:20264853|rc=0|accepted
valid-control|ML-KEM-1024|pass|seed:20264854|rc=0|accepted
valid-control|ML-KEM-1024|pass|seed:20264855|rc=0|accepted
noncanon-q3329-first|ML-KEM-1024|fail-modulus|seed:781000+coeff[0]:=3329|rc=-1|rejected
noncanon-v4000-first|ML-KEM-1024|fail-modulus|seed:781000+coeff[0]:=4000|rc=-1|rejected
noncanon-max4095-first|ML-KEM-1024|fail-modulus|seed:781000+coeff[0]:=4095|rc=-1|rejected
noncanon-q3329-middle|ML-KEM-1024|fail-modulus|seed:781000+coeff[512]:=3329|rc=-1|rejected
noncanon-v4000-middle|ML-KEM-1024|fail-modulus|seed:781000+coeff[512]:=4000|rc=-1|rejected
noncanon-max4095-middle|ML-KEM-1024|fail-modulus|seed:781000+coeff[512]:=4095|rc=-1|rejected
noncanon-q3329-last|ML-KEM-1024|fail-modulus|seed:781000+coeff[1023]:=3329|rc=-1|rejected
noncanon-v4000-last|ML-KEM-1024|fail-modulus|seed:781000+coeff[1023]:=4000|rc=-1|rejected
noncanon-max4095-last|ML-KEM-1024|fail-modulus|seed:781000+coeff[1023]:=4095|rc=-1|rejected
len-minus-1|ML-KEM-1024|fail-type|derived:len-1|rc=n/a|inexpressible-at-api
len-plus-1|ML-KEM-1024|fail-type|derived:len+1|rc=n/a|inexpressible-at-api
rho-zero|ML-KEM-1024|pass|derived:rho-mutation|rc=0|accepted
rho-ff|ML-KEM-1024|pass|derived:rho-mutation|rc=0|accepted
rho-prng-a|ML-KEM-1024|pass|derived:rho-mutation|rc=0|accepted
rho-prng-b|ML-KEM-1024|pass|derived:rho-mutation|rc=0|accepted
cross-set-1024-as-768|ML-KEM-768|fail-type|seed:555000+4000|rc=n/a|inexpressible-at-api
cross-set-1024-as-512|ML-KEM-512|fail-type|seed:555000+4000|rc=n/a|inexpressible-at-api
cross-set-768-as-512|ML-KEM-512|fail-type|seed:555000+3000|rc=n/a|inexpressible-at-api
congruent-plant|ML-KEM-512|fail-modulus|seed:911001+plant(c+q)@0,mid,last|rc=-1|rejected
congruent-plant|ML-KEM-512|fail-modulus|seed:911002+plant(c+q)@0,mid,last|rc=-1|rejected
congruent-plant|ML-KEM-512|fail-modulus|seed:911003+plant(c+q)@0,mid,last|rc=-1|rejected
congruent-plant|ML-KEM-512|fail-modulus|seed:911004+plant(c+q)@0,mid,last|rc=-1|rejected
congruent-plant|ML-KEM-512|fail-modulus|seed:911005+plant(c+q)@0,mid,last|rc=-1|rejected
congruent-plant|ML-KEM-512|fail-modulus|seed:911006+plant(c+q)@0,mid,last|rc=-1|rejected
congruent-plant|ML-KEM-512|fail-modulus|seed:911007+plant(c+q)@0,mid,last|rc=-1|rejected
congruent-plant|ML-KEM-768|fail-modulus|seed:912000+plant(c+q)@0,mid,last|rc=-1|rejected
congruent-plant|ML-KEM-768|fail-modulus|seed:912002+plant(c+q)@0,mid,last|rc=-1|rejected
congruent-plant|ML-KEM-768|fail-modulus|seed:912004+plant(c+q)@0,mid,last|rc=-1|rejected
congruent-plant|ML-KEM-768|fail-modulus|seed:912005+plant(c+q)@0,mid,last|rc=-1|rejected
congruent-plant|ML-KEM-768|fail-modulus|seed:912006+plant(c+q)@0,mid,last|rc=-1|rejected
congruent-plant|ML-KEM-768|fail-modulus|seed:912007+plant(c+q)@0,mid,last|rc=-1|rejected
congruent-plant|ML-KEM-1024|fail-modulus|seed:913001+plant(c+q)@0,mid,last|rc=-1|rejected
congruent-plant|ML-KEM-1024|fail-modulus|seed:913002+plant(c+q)@0,mid,last|rc=-1|rejected
congruent-plant|ML-KEM-1024|fail-modulus|seed:913003+plant(c+q)@0,mid,last|rc=-1|rejected
congruent-plant|ML-KEM-1024|fail-modulus|seed:913004+plant(c+q)@0,mid,last|rc=-1|rejected
congruent-plant|ML-KEM-1024|fail-modulus|seed:913005+plant(c+q)@0,mid,last|rc=-1|rejected
congruent-plant|ML-KEM-1024|fail-modulus|seed:913007+plant(c+q)@0,mid,last|rc=-1|rejected
wycheproof-modoverflow|ML-KEM-512|fail-modulus|wycheproof:tcId2|rc=-1|rejected
wycheproof-modoverflow|ML-KEM-512|fail-modulus|wycheproof:tcId3|rc=-1|rejected
wycheproof-modoverflow|ML-KEM-512|fail-modulus|wycheproof:tcId4|rc=-1|rejected
wycheproof-modoverflow|ML-KEM-512|fail-modulus|wycheproof:tcId5|rc=-1|rejected
wycheproof-modoverflow|ML-KEM-512|fail-modulus|wycheproof:tcId6|rc=-1|rejected
wycheproof-modoverflow|ML-KEM-512|fail-modulus|wycheproof:tcId7|rc=-1|rejected
wycheproof-modoverflow|ML-KEM-512|fail-modulus|wycheproof:tcId8|rc=-1|rejected
wycheproof-modoverflow|ML-KEM-512|fail-modulus|wycheproof:tcId9|rc=-1|rejected
wycheproof-modoverflow|ML-KEM-768|fail-modulus|wycheproof:tcId2|rc=-1|rejected
wycheproof-modoverflow|ML-KEM-768|fail-modulus|wycheproof:tcId3|rc=-1|rejected
wycheproof-modoverflow|ML-KEM-768|fail-modulus|wycheproof:tcId4|rc=-1|rejected
wycheproof-modoverflow|ML-KEM-768|fail-modulus|wycheproof:tcId5|rc=-1|rejected
wycheproof-modoverflow|ML-KEM-768|fail-modulus|wycheproof:tcId6|rc=-1|rejected
wycheproof-modoverflow|ML-KEM-768|fail-modulus|wycheproof:tcId7|rc=-1|rejected
wycheproof-modoverflow|ML-KEM-768|fail-modulus|wycheproof:tcId8|rc=-1|rejected
wycheproof-modoverflow|ML-KEM-768|fail-modulus|wycheproof:tcId9|rc=-1|rejected
wycheproof-modoverflow|ML-KEM-768|fail-modulus|wycheproof:tcId10|rc=-1|rejected
wycheproof-modoverflow|ML-KEM-768|fail-modulus|wycheproof:tcId11|rc=-1|rejected
wycheproof-modoverflow|ML-KEM-768|fail-modulus|wycheproof:tcId12|rc=-1|rejected
wycheproof-modoverflow|ML-KEM-768|fail-modulus|wycheproof:tcId13|rc=-1|rejected
wycheproof-modoverflow|ML-KEM-1024|fail-modulus|wycheproof:tcId2|rc=-1|rejected
wycheproof-modoverflow|ML-KEM-1024|fail-modulus|wycheproof:tcId3|rc=-1|rejected
wycheproof-modoverflow|ML-KEM-1024|fail-modulus|wycheproof:tcId4|rc=-1|rejected
wycheproof-modoverflow|ML-KEM-1024|fail-modulus|wycheproof:tcId5|rc=-1|rejected
wycheproof-modoverflow|ML-KEM-1024|fail-modulus|wycheproof:tcId6|rc=-1|rejected
wycheproof-modoverflow|ML-KEM-1024|fail-modulus|wycheproof:tcId7|rc=-1|rejected
wycheproof-modoverflow|ML-KEM-1024|fail-modulus|wycheproof:tcId8|rc=-1|rejected
wycheproof-modoverflow|ML-KEM-1024|fail-modulus|wycheproof:tcId9|rc=-1|rejected
wycheproof-modoverflow|ML-KEM-1024|fail-modulus|wycheproof:tcId10|rc=-1|rejected
wycheproof-modoverflow|ML-KEM-1024|fail-modulus|wycheproof:tcId11|rc=-1|rejected
wycheproof-modoverflow|ML-KEM-1024|fail-modulus|wycheproof:tcId12|rc=-1|rejected
wycheproof-modoverflow|ML-KEM-1024|fail-modulus|wycheproof:tcId13|rc=-1|rejected
wycheproof-modoverflow|ML-KEM-1024|fail-modulus|wycheproof:tcId14|rc=-1|rejected
wycheproof-modoverflow|ML-KEM-1024|fail-modulus|wycheproof:tcId15|rc=-1|rejected
wycheproof-modoverflow|ML-KEM-1024|fail-modulus|wycheproof:tcId16|rc=-1|rejected
wycheproof-modoverflow|ML-KEM-1024|fail-modulus|wycheproof:tcId17|rc=-1|rejected
SUMMARY|total=199|matched=199
