META|tool=gcc|version=gcc.exe (Rev5, Built by MSYS2 project) 16.1.0
META|tool=clang|version=unavailable
META|host=MSYS_NT-10.0-26100-ARM64 3.6.9-01d6c708.x86_64|run=local
META|round=2|barriers=asm,opaque-tu|families=d,ctl
a|01|asm|gcc-O0|0|89cf665e50119bd7f0c4116d72734917bce6858e358db9a51164d1f935bfdc69|BASELINE
a|01|asm|gcc-O2|0|89cf665e50119bd7f0c4116d72734917bce6858e358db9a51164d1f935bfdc69|OK
a|01|asm|gcc-O3|0|89cf665e50119bd7f0c4116d72734917bce6858e358db9a51164d1f935bfdc69|OK
a|02|asm|gcc-O0|0|41608a61bb775007e34dd206e2f204deb348e6a0febc7f58ba0082482b13a01c|BASELINE
a|02|asm|gcc-O2|0|41608a61bb775007e34dd206e2f204deb348e6a0febc7f58ba0082482b13a01c|OK
a|02|asm|gcc-O3|0|41608a61bb775007e34dd206e2f204deb348e6a0febc7f58ba0082482b13a01c|OK
a|03|asm|gcc-O0|0|90bbf5f9950be68d267857b458efa4f7c548a602dd891e5fc5d9fcb8dfff27f1|BASELINE
a|03|asm|gcc-O2|0|90bbf5f9950be68d267857b458efa4f7c548a602dd891e5fc5d9fcb8dfff27f1|OK
a|03|asm|gcc-O3|0|90bbf5f9950be68d267857b458efa4f7c548a602dd891e5fc5d9fcb8dfff27f1|OK
a|04|asm|gcc-O0|0|98e6ec2452dd094f4088d95003b0df31dd8920fc5b7bfe7d28c7d0a844e4c957|BASELINE
a|04|asm|gcc-O2|0|98e6ec2452dd094f4088d95003b0df31dd8920fc5b7bfe7d28c7d0a844e4c957|OK
a|04|asm|gcc-O3|0|98e6ec2452dd094f4088d95003b0df31dd8920fc5b7bfe7d28c7d0a844e4c957|OK
a|05|asm|gcc-O0|0|f185f910d800a84ace242293556e89c0e82f3c7eb0a39456b3df2cfe0cd6a47e|BASELINE
a|05|asm|gcc-O2|0|f185f910d800a84ace242293556e89c0e82f3c7eb0a39456b3df2cfe0cd6a47e|OK
a|05|asm|gcc-O3|0|f185f910d800a84ace242293556e89c0e82f3c7eb0a39456b3df2cfe0cd6a47e|OK
a|06|asm|gcc-O0|0|2c0be39e301895d0dc86dbbf1417823f7a66cd7642ef97172df219f9a3be7247|BASELINE
a|06|asm|gcc-O2|0|2c0be39e301895d0dc86dbbf1417823f7a66cd7642ef97172df219f9a3be7247|OK
a|06|asm|gcc-O3|0|2c0be39e301895d0dc86dbbf1417823f7a66cd7642ef97172df219f9a3be7247|OK
a|07|asm|gcc-O0|0|dcc782fe570110f695fb8e9eb85de51021f6807bd75450167f5a804e08295e73|BASELINE
a|07|asm|gcc-O2|0|dcc782fe570110f695fb8e9eb85de51021f6807bd75450167f5a804e08295e73|OK
a|07|asm|gcc-O3|0|dcc782fe570110f695fb8e9eb85de51021f6807bd75450167f5a804e08295e73|OK
a|08|asm|gcc-O0|0|69729fc1d461f9e91bb96ffa43981286c62df27bd3544faa1aba65eed4d2497f|BASELINE
a|08|asm|gcc-O2|0|69729fc1d461f9e91bb96ffa43981286c62df27bd3544faa1aba65eed4d2497f|OK
a|08|asm|gcc-O3|0|69729fc1d461f9e91bb96ffa43981286c62df27bd3544faa1aba65eed4d2497f|OK
a|09|asm|gcc-O0|0|7e6acd97bf93072d837613f2c10175d096b434e51e45e1019f9b0b3e915a0a57|BASELINE
a|09|asm|gcc-O2|0|7e6acd97bf93072d837613f2c10175d096b434e51e45e1019f9b0b3e915a0a57|OK
a|09|asm|gcc-O3|0|7e6acd97bf93072d837613f2c10175d096b434e51e45e1019f9b0b3e915a0a57|OK
a|10|asm|gcc-O0|0|958916360f93a2662c4cb3a6a4b95d7d0020b416242dcc44b57d826d461a63ae|BASELINE
a|10|asm|gcc-O2|0|958916360f93a2662c4cb3a6a4b95d7d0020b416242dcc44b57d826d461a63ae|OK
a|10|asm|gcc-O3|0|958916360f93a2662c4cb3a6a4b95d7d0020b416242dcc44b57d826d461a63ae|OK
b|01|asm|gcc-O0|0|bbfc9e9ec3d805455a07d02c994798d31e34942cb974bb24fe1af17ca7ecffe8|BASELINE
b|01|asm|gcc-O2|0|bbfc9e9ec3d805455a07d02c994798d31e34942cb974bb24fe1af17ca7ecffe8|OK
b|01|asm|gcc-O3|0|bbfc9e9ec3d805455a07d02c994798d31e34942cb974bb24fe1af17ca7ecffe8|OK
b|02|asm|gcc-O0|0|01c67574aa040a0b0048ce792c395578aba248e8df7480b5a195175f67252ab8|BASELINE
b|02|asm|gcc-O2|0|01c67574aa040a0b0048ce792c395578aba248e8df7480b5a195175f67252ab8|OK
b|02|asm|gcc-O3|0|01c67574aa040a0b0048ce792c395578aba248e8df7480b5a195175f67252ab8|OK
b|03|asm|gcc-O0|0|b5f104dc96465bc44b54f56d6fe7a468f6547de6b78b56e2d1d148277b420975|BASELINE
b|03|asm|gcc-O2|0|b5f104dc96465bc44b54f56d6fe7a468f6547de6b78b56e2d1d148277b420975|OK
b|03|asm|gcc-O3|0|b5f104dc96465bc44b54f56d6fe7a468f6547de6b78b56e2d1d148277b420975|OK
b|04|asm|gcc-O0|0|6bc66efe2abeff36d426d6b8c9790e0e31f03084b946c5b336ee3149c209473d|BASELINE
b|04|asm|gcc-O2|0|6bc66efe2abeff36d426d6b8c9790e0e31f03084b946c5b336ee3149c209473d|OK
b|04|asm|gcc-O3|0|6bc66efe2abeff36d426d6b8c9790e0e31f03084b946c5b336ee3149c209473d|OK
b|05|asm|gcc-O0|0|efc4fdb1bad4d6d7deba5e9b43a1d205feda472719a43f037943138c24d2fa8d|BASELINE
b|05|asm|gcc-O2|0|efc4fdb1bad4d6d7deba5e9b43a1d205feda472719a43f037943138c24d2fa8d|OK
b|05|asm|gcc-O3|0|efc4fdb1bad4d6d7deba5e9b43a1d205feda472719a43f037943138c24d2fa8d|OK
b|06|asm|gcc-O0|0|e59edcc152b92080e577906ff435919dcd9f53221e235b41363169882a2f18b6|BASELINE
b|06|asm|gcc-O2|0|e59edcc152b92080e577906ff435919dcd9f53221e235b41363169882a2f18b6|OK
b|06|asm|gcc-O3|0|e59edcc152b92080e577906ff435919dcd9f53221e235b41363169882a2f18b6|OK
b|07|asm|gcc-O0|0|9dba307b183744a902baae801a9d90392fae418f9d327e310765af4a183fd08f|BASELINE
b|07|asm|gcc-O2|0|9dba307b183744a902baae801a9d90392fae418f9d327e310765af4a183fd08f|OK
b|07|asm|gcc-O3|0|9dba307b183744a902baae801a9d90392fae418f9d327e310765af4a183fd08f|OK
b|08|asm|gcc-O0|0|67fb5c73038d4d6d39e2cbc99a304df80100dc825fdb16c32058230e839a2977|BASELINE
b|08|asm|gcc-O2|0|67fb5c73038d4d6d39e2cbc99a304df80100dc825fdb16c32058230e839a2977|OK
b|08|asm|gcc-O3|0|67fb5c73038d4d6d39e2cbc99a304df80100dc825fdb16c32058230e839a2977|OK
b|09|asm|gcc-O0|0|3b0c427df52362682e0f32c998cc735a136a3aab383eeb7c3d2e49aa139aa2db|BASELINE
b|09|asm|gcc-O2|0|3b0c427df52362682e0f32c998cc735a136a3aab383eeb7c3d2e49aa139aa2db|OK
b|09|asm|gcc-O3|0|3b0c427df52362682e0f32c998cc735a136a3aab383eeb7c3d2e49aa139aa2db|OK
b|10|asm|gcc-O0|0|e4a75ced74ecc7ffc11a7d410b70af5837c46afac2b986f71082913f87693dbf|BASELINE
b|10|asm|gcc-O2|0|e4a75ced74ecc7ffc11a7d410b70af5837c46afac2b986f71082913f87693dbf|OK
b|10|asm|gcc-O3|0|e4a75ced74ecc7ffc11a7d410b70af5837c46afac2b986f71082913f87693dbf|OK
c|01|asm|gcc-O0|0|407ac297c299131b06218df918a406e37d0bbf1a11d251769f787c0d5f5974b6|BASELINE
c|01|asm|gcc-O2|0|407ac297c299131b06218df918a406e37d0bbf1a11d251769f787c0d5f5974b6|OK
c|01|asm|gcc-O3|0|407ac297c299131b06218df918a406e37d0bbf1a11d251769f787c0d5f5974b6|OK
c|02|asm|gcc-O0|0|91477a1edea6a0ec68f17e384f60b61df785523739e98eea92e2a844a7326f88|BASELINE
c|02|asm|gcc-O2|0|91477a1edea6a0ec68f17e384f60b61df785523739e98eea92e2a844a7326f88|OK
c|02|asm|gcc-O3|0|91477a1edea6a0ec68f17e384f60b61df785523739e98eea92e2a844a7326f88|OK
c|03|asm|gcc-O0|0|66593494fba2ae16a457b0c06ed9fccbaf7c6517bbce8e457bff950c9d907920|BASELINE
c|03|asm|gcc-O2|0|66593494fba2ae16a457b0c06ed9fccbaf7c6517bbce8e457bff950c9d907920|OK
c|03|asm|gcc-O3|0|66593494fba2ae16a457b0c06ed9fccbaf7c6517bbce8e457bff950c9d907920|OK
c|04|asm|gcc-O0|0|92c5064952d3419a3fd1be96eca5fc2578d9d949c4c617f1d1716226bf743e45|BASELINE
c|04|asm|gcc-O2|0|92c5064952d3419a3fd1be96eca5fc2578d9d949c4c617f1d1716226bf743e45|OK
c|04|asm|gcc-O3|0|92c5064952d3419a3fd1be96eca5fc2578d9d949c4c617f1d1716226bf743e45|OK
c|05|asm|gcc-O0|0|7a7b74aa1ac83894db6c5b70233d361fd1a5544298aad4482b73def11daac73b|BASELINE
c|05|asm|gcc-O2|0|7a7b74aa1ac83894db6c5b70233d361fd1a5544298aad4482b73def11daac73b|OK
c|05|asm|gcc-O3|0|7a7b74aa1ac83894db6c5b70233d361fd1a5544298aad4482b73def11daac73b|OK
c|06|asm|gcc-O0|0|9ea6b8ad31b49c14d2be9e2b31efbb9fbb0bd41e7bdae5e6f2e3a3a7d521e5ce|BASELINE
c|06|asm|gcc-O2|0|9ea6b8ad31b49c14d2be9e2b31efbb9fbb0bd41e7bdae5e6f2e3a3a7d521e5ce|OK
c|06|asm|gcc-O3|0|9ea6b8ad31b49c14d2be9e2b31efbb9fbb0bd41e7bdae5e6f2e3a3a7d521e5ce|OK
c|07|asm|gcc-O0|0|a7beca93cbcdb2de36f52648bffb330940cf2c35cd6334eb670355c13d3a31a0|BASELINE
c|07|asm|gcc-O2|0|a7beca93cbcdb2de36f52648bffb330940cf2c35cd6334eb670355c13d3a31a0|OK
c|07|asm|gcc-O3|0|a7beca93cbcdb2de36f52648bffb330940cf2c35cd6334eb670355c13d3a31a0|OK
c|08|asm|gcc-O0|0|1c97cfe9f4f6dad1d21eb13b5c24eae94cd45a5665d94cc28555650a77e81e29|BASELINE
c|08|asm|gcc-O2|0|1c97cfe9f4f6dad1d21eb13b5c24eae94cd45a5665d94cc28555650a77e81e29|OK
c|08|asm|gcc-O3|0|1c97cfe9f4f6dad1d21eb13b5c24eae94cd45a5665d94cc28555650a77e81e29|OK
c|09|asm|gcc-O0|0|c67cb8339c8135ede919b985eec5d8a2cabe6f4bede38e52923c22285f502cd3|BASELINE
c|09|asm|gcc-O2|0|c67cb8339c8135ede919b985eec5d8a2cabe6f4bede38e52923c22285f502cd3|OK
c|09|asm|gcc-O3|0|c67cb8339c8135ede919b985eec5d8a2cabe6f4bede38e52923c22285f502cd3|OK
c|10|asm|gcc-O0|0|43b8302d4704151f69a92a7e05a4a94941de7cf951954a85c0588bfedd461149|BASELINE
c|10|asm|gcc-O2|0|43b8302d4704151f69a92a7e05a4a94941de7cf951954a85c0588bfedd461149|OK
c|10|asm|gcc-O3|0|43b8302d4704151f69a92a7e05a4a94941de7cf951954a85c0588bfedd461149|OK
d|01|asm|gcc-O0|0|2519d84033ad918135a273e321561c75dcb7de012af7e87a763ace053e18dac4|BASELINE
d|01|asm|gcc-O2|0|2519d84033ad918135a273e321561c75dcb7de012af7e87a763ace053e18dac4|OK
d|01|asm|gcc-O3|0|2519d84033ad918135a273e321561c75dcb7de012af7e87a763ace053e18dac4|OK
d|02|asm|gcc-O0|0|01cea0552f692ca4bc56132e7d4e3a8503efd2d00bdade3196d95a8a5798a2c3|BASELINE
d|02|asm|gcc-O2|0|01cea0552f692ca4bc56132e7d4e3a8503efd2d00bdade3196d95a8a5798a2c3|OK
d|02|asm|gcc-O3|0|01cea0552f692ca4bc56132e7d4e3a8503efd2d00bdade3196d95a8a5798a2c3|OK
d|03|asm|gcc-O0|0|fca71ac0df53ee1f4f084bfd43cb5c12dd909f98883865be877b4e381cd02fb4|BASELINE
d|03|asm|gcc-O2|0|fca71ac0df53ee1f4f084bfd43cb5c12dd909f98883865be877b4e381cd02fb4|OK
d|03|asm|gcc-O3|0|fca71ac0df53ee1f4f084bfd43cb5c12dd909f98883865be877b4e381cd02fb4|OK
d|04|asm|gcc-O0|0|2f8caff345237fce18ab9c99bfcc140846881e1d4b611e3fb30665e7e0d90d09|BASELINE
d|04|asm|gcc-O2|0|2f8caff345237fce18ab9c99bfcc140846881e1d4b611e3fb30665e7e0d90d09|OK
d|04|asm|gcc-O3|0|2f8caff345237fce18ab9c99bfcc140846881e1d4b611e3fb30665e7e0d90d09|OK
d|05|asm|gcc-O0|0|b5ec9cb94894c4f92a71f3438eeb9ab93d43cdcc127dd7c4dcacbfd0fc559ff4|BASELINE
d|05|asm|gcc-O2|0|b5ec9cb94894c4f92a71f3438eeb9ab93d43cdcc127dd7c4dcacbfd0fc559ff4|OK
d|05|asm|gcc-O3|0|b5ec9cb94894c4f92a71f3438eeb9ab93d43cdcc127dd7c4dcacbfd0fc559ff4|OK
d|06|asm|gcc-O0|0|f0ebf61939418544ef4d94ce7184d09f061a83ddb59e77b0f90cea7756a0b20c|BASELINE
d|06|asm|gcc-O2|0|f0ebf61939418544ef4d94ce7184d09f061a83ddb59e77b0f90cea7756a0b20c|OK
d|06|asm|gcc-O3|0|f0ebf61939418544ef4d94ce7184d09f061a83ddb59e77b0f90cea7756a0b20c|OK
d|07|asm|gcc-O0|0|e89adb793277ce90283f56b458858357866abaad607c35d8efff9c2e81ccb973|BASELINE
d|07|asm|gcc-O2|0|e89adb793277ce90283f56b458858357866abaad607c35d8efff9c2e81ccb973|OK
d|07|asm|gcc-O3|0|e89adb793277ce90283f56b458858357866abaad607c35d8efff9c2e81ccb973|OK
d|08|asm|gcc-O0|0|2c27f877cb3f25e8bea841a49968d23139e89bfab35498a6431efd8d5d579378|BASELINE
d|08|asm|gcc-O2|0|2c27f877cb3f25e8bea841a49968d23139e89bfab35498a6431efd8d5d579378|OK
d|08|asm|gcc-O3|0|2c27f877cb3f25e8bea841a49968d23139e89bfab35498a6431efd8d5d579378|OK
d|09|asm|gcc-O0|0|19e11b645bab83fabe9ae7292388cefea5c05ffe3cea1b1e11e50bdf94375079|BASELINE
d|09|asm|gcc-O2|0|19e11b645bab83fabe9ae7292388cefea5c05ffe3cea1b1e11e50bdf94375079|OK
d|09|asm|gcc-O3|0|19e11b645bab83fabe9ae7292388cefea5c05ffe3cea1b1e11e50bdf94375079|OK
d|10|asm|gcc-O0|0|7836f9348dd2f704cb6102a532137f534dce7762441da3f1e0088cd6783eb241|BASELINE
d|10|asm|gcc-O2|0|7836f9348dd2f704cb6102a532137f534dce7762441da3f1e0088cd6783eb241|OK
d|10|asm|gcc-O3|0|7836f9348dd2f704cb6102a532137f534dce7762441da3f1e0088cd6783eb241|OK
ctl|01|asm|gcc-O0|0|c01b0dffcc308d5700a84f0f69e1a80e773f03b32c98660a9a4c092482669d3c|BASELINE
ctl|01|asm|gcc-O2|0|c01b0dffcc308d5700a84f0f69e1a80e773f03b32c98660a9a4c092482669d3c|OK
ctl|01|asm|gcc-O3|0|c01b0dffcc308d5700a84f0f69e1a80e773f03b32c98660a9a4c092482669d3c|OK
ctl|02|asm|gcc-O0|0|bf7754555b36a3c8103fddcdf78270594433d5c4682bdfef6c006db5d8282e8f|BASELINE
ctl|02|asm|gcc-O2|0|bf7754555b36a3c8103fddcdf78270594433d5c4682bdfef6c006db5d8282e8f|OK
ctl|02|asm|gcc-O3|0|bf7754555b36a3c8103fddcdf78270594433d5c4682bdfef6c006db5d8282e8f|OK
ctl|03|asm|gcc-O0|0|51a5d5b0e1ef6fc75ed715f2082dfedbc25a0386dbd75198530dbd904d766417|BASELINE
ctl|03|asm|gcc-O2|0|51a5d5b0e1ef6fc75ed715f2082dfedbc25a0386dbd75198530dbd904d766417|OK
ctl|03|asm|gcc-O3|0|51a5d5b0e1ef6fc75ed715f2082dfedbc25a0386dbd75198530dbd904d766417|OK
ctl|04|asm|gcc-O0|0|aa66dbebf2b66f2b2c318d5bd7a45af8dffa9ab5b723a9ed24993eed7a2eb70a|BASELINE
ctl|04|asm|gcc-O2|0|aa66dbebf2b66f2b2c318d5bd7a45af8dffa9ab5b723a9ed24993eed7a2eb70a|OK
ctl|04|asm|gcc-O3|0|aa66dbebf2b66f2b2c318d5bd7a45af8dffa9ab5b723a9ed24993eed7a2eb70a|OK
ctl|05|asm|gcc-O0|0|86078fe9e5f323a4b253d034dc726683e61a38339af104f0f7214d9821c8c1cd|BASELINE
ctl|05|asm|gcc-O2|0|86078fe9e5f323a4b253d034dc726683e61a38339af104f0f7214d9821c8c1cd|OK
ctl|05|asm|gcc-O3|0|86078fe9e5f323a4b253d034dc726683e61a38339af104f0f7214d9821c8c1cd|OK
ctl|06|asm|gcc-O0|0|bf0f4960502486ded7bb3ce70779effb2f0b1e19edc0acc028980cdd3fd5cae5|BASELINE
ctl|06|asm|gcc-O2|0|bf0f4960502486ded7bb3ce70779effb2f0b1e19edc0acc028980cdd3fd5cae5|OK
ctl|06|asm|gcc-O3|0|bf0f4960502486ded7bb3ce70779effb2f0b1e19edc0acc028980cdd3fd5cae5|OK
ctl|07|asm|gcc-O0|0|f5c50f24552d32ef8e79864560b73282a06b67ffccbf986247db3b6dc6975489|BASELINE
ctl|07|asm|gcc-O2|0|f5c50f24552d32ef8e79864560b73282a06b67ffccbf986247db3b6dc6975489|OK
ctl|07|asm|gcc-O3|0|f5c50f24552d32ef8e79864560b73282a06b67ffccbf986247db3b6dc6975489|OK
ctl|08|asm|gcc-O0|0|53be95d92212f9b7722e2463b21329a174b5c334e1ac6dfd97380d27b003e8e2|BASELINE
ctl|08|asm|gcc-O2|0|53be95d92212f9b7722e2463b21329a174b5c334e1ac6dfd97380d27b003e8e2|OK
ctl|08|asm|gcc-O3|0|53be95d92212f9b7722e2463b21329a174b5c334e1ac6dfd97380d27b003e8e2|OK
ctl|09|asm|gcc-O0|0|9ea48027f4cf6d1b62fd80a30a2eb2fd9c321119131adc92dfa26a6ec16c9ce6|BASELINE
ctl|09|asm|gcc-O2|0|9ea48027f4cf6d1b62fd80a30a2eb2fd9c321119131adc92dfa26a6ec16c9ce6|OK
ctl|09|asm|gcc-O3|0|9ea48027f4cf6d1b62fd80a30a2eb2fd9c321119131adc92dfa26a6ec16c9ce6|OK
ctl|10|asm|gcc-O0|0|c60e23d29b741075cb0dad64aa900c595706dd7057fc816ba95fb24d576e620f|BASELINE
ctl|10|asm|gcc-O2|0|c60e23d29b741075cb0dad64aa900c595706dd7057fc816ba95fb24d576e620f|OK
ctl|10|asm|gcc-O3|0|c60e23d29b741075cb0dad64aa900c595706dd7057fc816ba95fb24d576e620f|OK
d|01|opaque-tu|gcc-O0|0|2519d84033ad918135a273e321561c75dcb7de012af7e87a763ace053e18dac4|BASELINE
d|01|opaque-tu|gcc-O2|0|2519d84033ad918135a273e321561c75dcb7de012af7e87a763ace053e18dac4|OK
d|01|opaque-tu|gcc-O3|0|2519d84033ad918135a273e321561c75dcb7de012af7e87a763ace053e18dac4|OK
d|02|opaque-tu|gcc-O0|0|1b35ca378be00d8a6b310af0fbc4fbe8571c883fc0d4fbfa4dd3b783252a9607|BASELINE
d|02|opaque-tu|gcc-O2|0|1b35ca378be00d8a6b310af0fbc4fbe8571c883fc0d4fbfa4dd3b783252a9607|OK
d|02|opaque-tu|gcc-O3|0|1b35ca378be00d8a6b310af0fbc4fbe8571c883fc0d4fbfa4dd3b783252a9607|OK
d|03|opaque-tu|gcc-O0|0|fca71ac0df53ee1f4f084bfd43cb5c12dd909f98883865be877b4e381cd02fb4|BASELINE
d|03|opaque-tu|gcc-O2|0|fca71ac0df53ee1f4f084bfd43cb5c12dd909f98883865be877b4e381cd02fb4|OK
d|03|opaque-tu|gcc-O3|0|fca71ac0df53ee1f4f084bfd43cb5c12dd909f98883865be877b4e381cd02fb4|OK
d|04|opaque-tu|gcc-O0|0|14876233c3b22e00537c025195986e90859f0578eabd56da39205bbd3efb0a25|BASELINE
d|04|opaque-tu|gcc-O2|0|14876233c3b22e00537c025195986e90859f0578eabd56da39205bbd3efb0a25|OK
d|04|opaque-tu|gcc-O3|0|14876233c3b22e00537c025195986e90859f0578eabd56da39205bbd3efb0a25|OK
d|05|opaque-tu|gcc-O0|0|b5ec9cb94894c4f92a71f3438eeb9ab93d43cdcc127dd7c4dcacbfd0fc559ff4|BASELINE
d|05|opaque-tu|gcc-O2|0|b5ec9cb94894c4f92a71f3438eeb9ab93d43cdcc127dd7c4dcacbfd0fc559ff4|OK
d|05|opaque-tu|gcc-O3|0|b5ec9cb94894c4f92a71f3438eeb9ab93d43cdcc127dd7c4dcacbfd0fc559ff4|OK
d|06|opaque-tu|gcc-O0|0|044239db577bb480b41885f087f3df3611a0427453c42bbefd49639c26ae2983|BASELINE
d|06|opaque-tu|gcc-O2|0|044239db577bb480b41885f087f3df3611a0427453c42bbefd49639c26ae2983|OK
d|06|opaque-tu|gcc-O3|0|044239db577bb480b41885f087f3df3611a0427453c42bbefd49639c26ae2983|OK
d|07|opaque-tu|gcc-O0|0|e89adb793277ce90283f56b458858357866abaad607c35d8efff9c2e81ccb973|BASELINE
d|07|opaque-tu|gcc-O2|0|e89adb793277ce90283f56b458858357866abaad607c35d8efff9c2e81ccb973|OK
d|07|opaque-tu|gcc-O3|0|e89adb793277ce90283f56b458858357866abaad607c35d8efff9c2e81ccb973|OK
d|08|opaque-tu|gcc-O0|0|ae14e5f17c7f5182b0bfa39ae3b7cddb0c46b09a943a05be0c0b3734e13810ee|BASELINE
d|08|opaque-tu|gcc-O2|0|ae14e5f17c7f5182b0bfa39ae3b7cddb0c46b09a943a05be0c0b3734e13810ee|OK
d|08|opaque-tu|gcc-O3|0|ae14e5f17c7f5182b0bfa39ae3b7cddb0c46b09a943a05be0c0b3734e13810ee|OK
d|09|opaque-tu|gcc-O0|0|8678d4ef4594e1602dbf85d2d8cd02eead9795f9b91a2deb743abc5de930ba33|BASELINE
d|09|opaque-tu|gcc-O2|0|8678d4ef4594e1602dbf85d2d8cd02eead9795f9b91a2deb743abc5de930ba33|OK
d|09|opaque-tu|gcc-O3|0|8678d4ef4594e1602dbf85d2d8cd02eead9795f9b91a2deb743abc5de930ba33|OK
d|10|opaque-tu|gcc-O0|0|360a4243f82bbc4ad1bff836707ad6f16e8164f68079c4014762088f954df72c|BASELINE
d|10|opaque-tu|gcc-O2|0|360a4243f82bbc4ad1bff836707ad6f16e8164f68079c4014762088f954df72c|OK
d|10|opaque-tu|gcc-O3|0|360a4243f82bbc4ad1bff836707ad6f16e8164f68079c4014762088f954df72c|OK
ctl|01|opaque-tu|gcc-O0|0|61251edf66ad6bc2c76f39579419228a008d51c328bf6b2a6d04a49b50ed2496|BASELINE
ctl|01|opaque-tu|gcc-O2|0|61251edf66ad6bc2c76f39579419228a008d51c328bf6b2a6d04a49b50ed2496|OK
ctl|01|opaque-tu|gcc-O3|0|61251edf66ad6bc2c76f39579419228a008d51c328bf6b2a6d04a49b50ed2496|OK
ctl|02|opaque-tu|gcc-O0|0|95a40c356948b533e9cc94a4efd6bd17615cbf12563dba73b52fd6463fa9a0a6|BASELINE
ctl|02|opaque-tu|gcc-O2|0|95a40c356948b533e9cc94a4efd6bd17615cbf12563dba73b52fd6463fa9a0a6|OK
ctl|02|opaque-tu|gcc-O3|0|95a40c356948b533e9cc94a4efd6bd17615cbf12563dba73b52fd6463fa9a0a6|OK
ctl|03|opaque-tu|gcc-O0|0|9f8820211bd6d95ff67c5a17c3102c25c7094112852515f4c8103edbd10736f3|BASELINE
ctl|03|opaque-tu|gcc-O2|0|9f8820211bd6d95ff67c5a17c3102c25c7094112852515f4c8103edbd10736f3|OK
ctl|03|opaque-tu|gcc-O3|0|9f8820211bd6d95ff67c5a17c3102c25c7094112852515f4c8103edbd10736f3|OK
ctl|04|opaque-tu|gcc-O0|0|4b3fc20246abfbbc9b73985a1523ce5ed06bce3d66acb8d068979e1a5518caf1|BASELINE
ctl|04|opaque-tu|gcc-O2|0|4b3fc20246abfbbc9b73985a1523ce5ed06bce3d66acb8d068979e1a5518caf1|OK
ctl|04|opaque-tu|gcc-O3|0|4b3fc20246abfbbc9b73985a1523ce5ed06bce3d66acb8d068979e1a5518caf1|OK
ctl|05|opaque-tu|gcc-O0|0|ca8a9eb47855e67d59bd8765a14e27a66ae339fe8771bbb681b6f4499843ee01|BASELINE
ctl|05|opaque-tu|gcc-O2|0|ca8a9eb47855e67d59bd8765a14e27a66ae339fe8771bbb681b6f4499843ee01|OK
ctl|05|opaque-tu|gcc-O3|0|ca8a9eb47855e67d59bd8765a14e27a66ae339fe8771bbb681b6f4499843ee01|OK
ctl|06|opaque-tu|gcc-O0|0|fdc0bde9bfef9c69aee7ce0d74c72021073e42380964f3f4ff29125a3bf40798|BASELINE
ctl|06|opaque-tu|gcc-O2|0|fdc0bde9bfef9c69aee7ce0d74c72021073e42380964f3f4ff29125a3bf40798|OK
ctl|06|opaque-tu|gcc-O3|0|fdc0bde9bfef9c69aee7ce0d74c72021073e42380964f3f4ff29125a3bf40798|OK
ctl|07|opaque-tu|gcc-O0|0|31d71705c32f7f74f01def4e81d5484f688830b43f551447e4845e01cd6df5dd|BASELINE
ctl|07|opaque-tu|gcc-O2|0|31d71705c32f7f74f01def4e81d5484f688830b43f551447e4845e01cd6df5dd|OK
ctl|07|opaque-tu|gcc-O3|0|31d71705c32f7f74f01def4e81d5484f688830b43f551447e4845e01cd6df5dd|OK
ctl|08|opaque-tu|gcc-O0|0|9fe0eecc48f857d06c7a3a438dba6382a16128fe8f389ad736e988f8c05b088d|BASELINE
ctl|08|opaque-tu|gcc-O2|0|9fe0eecc48f857d06c7a3a438dba6382a16128fe8f389ad736e988f8c05b088d|OK
ctl|08|opaque-tu|gcc-O3|0|9fe0eecc48f857d06c7a3a438dba6382a16128fe8f389ad736e988f8c05b088d|OK
ctl|09|opaque-tu|gcc-O0|0|8d7c02c76f66f3303e0b1b08863347a15ad8ddab8b298000492ed7bb87ce7562|BASELINE
ctl|09|opaque-tu|gcc-O2|0|8d7c02c76f66f3303e0b1b08863347a15ad8ddab8b298000492ed7bb87ce7562|OK
ctl|09|opaque-tu|gcc-O3|0|8d7c02c76f66f3303e0b1b08863347a15ad8ddab8b298000492ed7bb87ce7562|OK
ctl|10|opaque-tu|gcc-O0|0|98790b82266110a82ba8d5abfb8c506967477334f4cb8c9414e31c7823c71b85|BASELINE
ctl|10|opaque-tu|gcc-O2|0|98790b82266110a82ba8d5abfb8c506967477334f4cb8c9414e31c7823c71b85|OK
ctl|10|opaque-tu|gcc-O3|0|98790b82266110a82ba8d5abfb8c506967477334f4cb8c9414e31c7823c71b85|OK
SUMMARY|rows=210|cferr=0
BYBARRIER|barrier=asm|rows=150|divergent=0
BYBARRIER|barrier=barriers=asm,opaque-tu|rows=1|divergent=0
BYBARRIER|barrier=opaque-tu|rows=60|divergent=0
BYBARRIER|barrier=run=local|rows=1|divergent=0
BYBARRIER|barrier=version=gcc.exe (Rev5, Built by MSYS2 project) 16.1.0|rows=1|divergent=0
BYBARRIER|barrier=version=unavailable|rows=1|divergent=0
