META|tool=gcc|version=gcc (Ubuntu 13.3.0-6ubuntu2~24.04.1) 13.3.0
META|tool=clang|version=Ubuntu clang version 18.1.3 (1ubuntu1)
META|host=Linux 6.17.0-1022-azure|run=33265268860
a|01|gcc-O0|0|6904771bc2a4fb5d27b4f8edcd58b9c8e9ae2dc2e085d344d0420b17c134f9fa|BASELINE
a|01|gcc-O2|0|6904771bc2a4fb5d27b4f8edcd58b9c8e9ae2dc2e085d344d0420b17c134f9fa|OK
a|01|gcc-O3|0|6904771bc2a4fb5d27b4f8edcd58b9c8e9ae2dc2e085d344d0420b17c134f9fa|OK
a|01|gcc-O2-nostrict|0|6904771bc2a4fb5d27b4f8edcd58b9c8e9ae2dc2e085d344d0420b17c134f9fa|OK
a|01|clang-O2|0|6904771bc2a4fb5d27b4f8edcd58b9c8e9ae2dc2e085d344d0420b17c134f9fa|OK
a|01|clang-O3|0|6904771bc2a4fb5d27b4f8edcd58b9c8e9ae2dc2e085d344d0420b17c134f9fa|OK
a|01|clang-O2-nostrict|0|6904771bc2a4fb5d27b4f8edcd58b9c8e9ae2dc2e085d344d0420b17c134f9fa|OK
a|02|gcc-O0|0|3544f5234362b6dcd00c79653c4add16a396dc0a7529300c87e90fd818e13155|BASELINE
a|02|gcc-O2|0|3544f5234362b6dcd00c79653c4add16a396dc0a7529300c87e90fd818e13155|OK
a|02|gcc-O3|0|3544f5234362b6dcd00c79653c4add16a396dc0a7529300c87e90fd818e13155|OK
a|02|gcc-O2-nostrict|0|3544f5234362b6dcd00c79653c4add16a396dc0a7529300c87e90fd818e13155|OK
a|02|clang-O2|0|3544f5234362b6dcd00c79653c4add16a396dc0a7529300c87e90fd818e13155|OK
a|02|clang-O3|0|3544f5234362b6dcd00c79653c4add16a396dc0a7529300c87e90fd818e13155|OK
a|02|clang-O2-nostrict|0|3544f5234362b6dcd00c79653c4add16a396dc0a7529300c87e90fd818e13155|OK
a|03|gcc-O0|0|89cfb422cc957841febe62dbf2ba876545e2e2e6ac5e12ac03e62a9217829479|BASELINE
a|03|gcc-O2|0|89cfb422cc957841febe62dbf2ba876545e2e2e6ac5e12ac03e62a9217829479|OK
a|03|gcc-O3|0|89cfb422cc957841febe62dbf2ba876545e2e2e6ac5e12ac03e62a9217829479|OK
a|03|gcc-O2-nostrict|0|89cfb422cc957841febe62dbf2ba876545e2e2e6ac5e12ac03e62a9217829479|OK
a|03|clang-O2|0|89cfb422cc957841febe62dbf2ba876545e2e2e6ac5e12ac03e62a9217829479|OK
a|03|clang-O3|0|89cfb422cc957841febe62dbf2ba876545e2e2e6ac5e12ac03e62a9217829479|OK
a|03|clang-O2-nostrict|0|89cfb422cc957841febe62dbf2ba876545e2e2e6ac5e12ac03e62a9217829479|OK
a|04|gcc-O0|0|dfd2494beb54d64d18ac956c50a112ffef5b3ae431999dd72f6205883542d9dd|BASELINE
a|04|gcc-O2|0|dfd2494beb54d64d18ac956c50a112ffef5b3ae431999dd72f6205883542d9dd|OK
a|04|gcc-O3|0|dfd2494beb54d64d18ac956c50a112ffef5b3ae431999dd72f6205883542d9dd|OK
a|04|gcc-O2-nostrict|0|dfd2494beb54d64d18ac956c50a112ffef5b3ae431999dd72f6205883542d9dd|OK
a|04|clang-O2|0|dfd2494beb54d64d18ac956c50a112ffef5b3ae431999dd72f6205883542d9dd|OK
a|04|clang-O3|0|dfd2494beb54d64d18ac956c50a112ffef5b3ae431999dd72f6205883542d9dd|OK
a|04|clang-O2-nostrict|0|dfd2494beb54d64d18ac956c50a112ffef5b3ae431999dd72f6205883542d9dd|OK
a|05|gcc-O0|0|68eb0e6bd682b10d9702d51d57b31a9e83863222b8d18520107c444ceaf39d31|BASELINE
a|05|gcc-O2|0|68eb0e6bd682b10d9702d51d57b31a9e83863222b8d18520107c444ceaf39d31|OK
a|05|gcc-O3|0|68eb0e6bd682b10d9702d51d57b31a9e83863222b8d18520107c444ceaf39d31|OK
a|05|gcc-O2-nostrict|0|68eb0e6bd682b10d9702d51d57b31a9e83863222b8d18520107c444ceaf39d31|OK
a|05|clang-O2|0|68eb0e6bd682b10d9702d51d57b31a9e83863222b8d18520107c444ceaf39d31|OK
a|05|clang-O3|0|68eb0e6bd682b10d9702d51d57b31a9e83863222b8d18520107c444ceaf39d31|OK
a|05|clang-O2-nostrict|0|68eb0e6bd682b10d9702d51d57b31a9e83863222b8d18520107c444ceaf39d31|OK
a|06|gcc-O0|0|d274210e8a23f81bee51666e76e1556ab836a1ae2a6ef8c48740e2f74645999d|BASELINE
a|06|gcc-O2|0|d274210e8a23f81bee51666e76e1556ab836a1ae2a6ef8c48740e2f74645999d|OK
a|06|gcc-O3|0|d274210e8a23f81bee51666e76e1556ab836a1ae2a6ef8c48740e2f74645999d|OK
a|06|gcc-O2-nostrict|0|d274210e8a23f81bee51666e76e1556ab836a1ae2a6ef8c48740e2f74645999d|OK
a|06|clang-O2|0|d274210e8a23f81bee51666e76e1556ab836a1ae2a6ef8c48740e2f74645999d|OK
a|06|clang-O3|0|d274210e8a23f81bee51666e76e1556ab836a1ae2a6ef8c48740e2f74645999d|OK
a|06|clang-O2-nostrict|0|d274210e8a23f81bee51666e76e1556ab836a1ae2a6ef8c48740e2f74645999d|OK
a|07|gcc-O0|0|1961de7496acdeaaf4fe056e7532dce332130ed226e4f8ffa99f33a6771395d5|BASELINE
a|07|gcc-O2|0|1961de7496acdeaaf4fe056e7532dce332130ed226e4f8ffa99f33a6771395d5|OK
a|07|gcc-O3|0|1961de7496acdeaaf4fe056e7532dce332130ed226e4f8ffa99f33a6771395d5|OK
a|07|gcc-O2-nostrict|0|1961de7496acdeaaf4fe056e7532dce332130ed226e4f8ffa99f33a6771395d5|OK
a|07|clang-O2|0|1961de7496acdeaaf4fe056e7532dce332130ed226e4f8ffa99f33a6771395d5|OK
a|07|clang-O3|0|1961de7496acdeaaf4fe056e7532dce332130ed226e4f8ffa99f33a6771395d5|OK
a|07|clang-O2-nostrict|0|1961de7496acdeaaf4fe056e7532dce332130ed226e4f8ffa99f33a6771395d5|OK
a|08|gcc-O0|0|73a4fea318cec30b59d1e75e23daa10c7d913ab3451eea6e2fd652b0041b2aa2|BASELINE
a|08|gcc-O2|0|73a4fea318cec30b59d1e75e23daa10c7d913ab3451eea6e2fd652b0041b2aa2|OK
a|08|gcc-O3|0|73a4fea318cec30b59d1e75e23daa10c7d913ab3451eea6e2fd652b0041b2aa2|OK
a|08|gcc-O2-nostrict|0|73a4fea318cec30b59d1e75e23daa10c7d913ab3451eea6e2fd652b0041b2aa2|OK
a|08|clang-O2|0|73a4fea318cec30b59d1e75e23daa10c7d913ab3451eea6e2fd652b0041b2aa2|OK
a|08|clang-O3|0|73a4fea318cec30b59d1e75e23daa10c7d913ab3451eea6e2fd652b0041b2aa2|OK
a|08|clang-O2-nostrict|0|73a4fea318cec30b59d1e75e23daa10c7d913ab3451eea6e2fd652b0041b2aa2|OK
a|09|gcc-O0|0|29949353ac50dfb9f58f214fbde6e2bd971674fb7648a33fca210d42f95c056a|BASELINE
a|09|gcc-O2|0|29949353ac50dfb9f58f214fbde6e2bd971674fb7648a33fca210d42f95c056a|OK
a|09|gcc-O3|0|29949353ac50dfb9f58f214fbde6e2bd971674fb7648a33fca210d42f95c056a|OK
a|09|gcc-O2-nostrict|0|29949353ac50dfb9f58f214fbde6e2bd971674fb7648a33fca210d42f95c056a|OK
a|09|clang-O2|0|29949353ac50dfb9f58f214fbde6e2bd971674fb7648a33fca210d42f95c056a|OK
a|09|clang-O3|0|29949353ac50dfb9f58f214fbde6e2bd971674fb7648a33fca210d42f95c056a|OK
a|09|clang-O2-nostrict|0|29949353ac50dfb9f58f214fbde6e2bd971674fb7648a33fca210d42f95c056a|OK
a|10|gcc-O0|0|16024abca7815668e7dde12ac476269f4062e92633df6ce9ed3f00e9477d72eb|BASELINE
a|10|gcc-O2|0|16024abca7815668e7dde12ac476269f4062e92633df6ce9ed3f00e9477d72eb|OK
a|10|gcc-O3|0|16024abca7815668e7dde12ac476269f4062e92633df6ce9ed3f00e9477d72eb|OK
a|10|gcc-O2-nostrict|0|16024abca7815668e7dde12ac476269f4062e92633df6ce9ed3f00e9477d72eb|OK
a|10|clang-O2|0|16024abca7815668e7dde12ac476269f4062e92633df6ce9ed3f00e9477d72eb|OK
a|10|clang-O3|0|16024abca7815668e7dde12ac476269f4062e92633df6ce9ed3f00e9477d72eb|OK
a|10|clang-O2-nostrict|0|16024abca7815668e7dde12ac476269f4062e92633df6ce9ed3f00e9477d72eb|OK
b|01|gcc-O0|0|1f9ab2ec1275868ac1d611ea4e415e68ffa54b2390f71eac582236ecc759cea7|BASELINE
b|01|gcc-O2|0|1f9ab2ec1275868ac1d611ea4e415e68ffa54b2390f71eac582236ecc759cea7|OK
b|01|gcc-O3|0|1f9ab2ec1275868ac1d611ea4e415e68ffa54b2390f71eac582236ecc759cea7|OK
b|01|gcc-O2-nostrict|0|1f9ab2ec1275868ac1d611ea4e415e68ffa54b2390f71eac582236ecc759cea7|OK
b|01|clang-O2|0|1f9ab2ec1275868ac1d611ea4e415e68ffa54b2390f71eac582236ecc759cea7|OK
b|01|clang-O3|0|1f9ab2ec1275868ac1d611ea4e415e68ffa54b2390f71eac582236ecc759cea7|OK
b|01|clang-O2-nostrict|0|1f9ab2ec1275868ac1d611ea4e415e68ffa54b2390f71eac582236ecc759cea7|OK
b|02|gcc-O0|0|a4d5aaff7adf197ac78067391730313e1e71c536830af44607e394d1e777aea1|BASELINE
b|02|gcc-O2|0|a4d5aaff7adf197ac78067391730313e1e71c536830af44607e394d1e777aea1|OK
b|02|gcc-O3|0|a4d5aaff7adf197ac78067391730313e1e71c536830af44607e394d1e777aea1|OK
b|02|gcc-O2-nostrict|0|a4d5aaff7adf197ac78067391730313e1e71c536830af44607e394d1e777aea1|OK
b|02|clang-O2|0|a4d5aaff7adf197ac78067391730313e1e71c536830af44607e394d1e777aea1|OK
b|02|clang-O3|0|a4d5aaff7adf197ac78067391730313e1e71c536830af44607e394d1e777aea1|OK
b|02|clang-O2-nostrict|0|a4d5aaff7adf197ac78067391730313e1e71c536830af44607e394d1e777aea1|OK
b|03|gcc-O0|0|5be0a9d0b949461f9fa8b323d6a6e31c8b8ef4d862e9e6916b1a1d5f90175021|BASELINE
b|03|gcc-O2|0|5be0a9d0b949461f9fa8b323d6a6e31c8b8ef4d862e9e6916b1a1d5f90175021|OK
b|03|gcc-O3|0|5be0a9d0b949461f9fa8b323d6a6e31c8b8ef4d862e9e6916b1a1d5f90175021|OK
b|03|gcc-O2-nostrict|0|5be0a9d0b949461f9fa8b323d6a6e31c8b8ef4d862e9e6916b1a1d5f90175021|OK
b|03|clang-O2|0|5be0a9d0b949461f9fa8b323d6a6e31c8b8ef4d862e9e6916b1a1d5f90175021|OK
b|03|clang-O3|0|5be0a9d0b949461f9fa8b323d6a6e31c8b8ef4d862e9e6916b1a1d5f90175021|OK
b|03|clang-O2-nostrict|0|5be0a9d0b949461f9fa8b323d6a6e31c8b8ef4d862e9e6916b1a1d5f90175021|OK
b|04|gcc-O0|0|bbff669f55668afa0eda5a20ccf7ea8a57a5c02a11a46f7e9b6b6c37e50dee75|BASELINE
b|04|gcc-O2|0|bbff669f55668afa0eda5a20ccf7ea8a57a5c02a11a46f7e9b6b6c37e50dee75|OK
b|04|gcc-O3|0|bbff669f55668afa0eda5a20ccf7ea8a57a5c02a11a46f7e9b6b6c37e50dee75|OK
b|04|gcc-O2-nostrict|0|bbff669f55668afa0eda5a20ccf7ea8a57a5c02a11a46f7e9b6b6c37e50dee75|OK
b|04|clang-O2|0|bbff669f55668afa0eda5a20ccf7ea8a57a5c02a11a46f7e9b6b6c37e50dee75|OK
b|04|clang-O3|0|bbff669f55668afa0eda5a20ccf7ea8a57a5c02a11a46f7e9b6b6c37e50dee75|OK
b|04|clang-O2-nostrict|0|bbff669f55668afa0eda5a20ccf7ea8a57a5c02a11a46f7e9b6b6c37e50dee75|OK
b|05|gcc-O0|0|2674a2eeda4307a3a5795bae5f7bcfc5560fe7b802384e758f98ca23eacf0bf4|BASELINE
b|05|gcc-O2|0|2674a2eeda4307a3a5795bae5f7bcfc5560fe7b802384e758f98ca23eacf0bf4|OK
b|05|gcc-O3|0|2674a2eeda4307a3a5795bae5f7bcfc5560fe7b802384e758f98ca23eacf0bf4|OK
b|05|gcc-O2-nostrict|0|2674a2eeda4307a3a5795bae5f7bcfc5560fe7b802384e758f98ca23eacf0bf4|OK
b|05|clang-O2|0|2674a2eeda4307a3a5795bae5f7bcfc5560fe7b802384e758f98ca23eacf0bf4|OK
b|05|clang-O3|0|2674a2eeda4307a3a5795bae5f7bcfc5560fe7b802384e758f98ca23eacf0bf4|OK
b|05|clang-O2-nostrict|0|2674a2eeda4307a3a5795bae5f7bcfc5560fe7b802384e758f98ca23eacf0bf4|OK
b|06|gcc-O0|0|e29384095146ae6cdf8130538bfadc45c1d04a43c4ec87307b22077c2bd76751|BASELINE
b|06|gcc-O2|0|e29384095146ae6cdf8130538bfadc45c1d04a43c4ec87307b22077c2bd76751|OK
b|06|gcc-O3|0|e29384095146ae6cdf8130538bfadc45c1d04a43c4ec87307b22077c2bd76751|OK
b|06|gcc-O2-nostrict|0|e29384095146ae6cdf8130538bfadc45c1d04a43c4ec87307b22077c2bd76751|OK
b|06|clang-O2|0|e29384095146ae6cdf8130538bfadc45c1d04a43c4ec87307b22077c2bd76751|OK
b|06|clang-O3|0|e29384095146ae6cdf8130538bfadc45c1d04a43c4ec87307b22077c2bd76751|OK
b|06|clang-O2-nostrict|0|e29384095146ae6cdf8130538bfadc45c1d04a43c4ec87307b22077c2bd76751|OK
b|07|gcc-O0|0|eff82e316d259bbea52cbe6211b236a33bdd80ea65c764da4faad2968cc06fce|BASELINE
b|07|gcc-O2|0|eff82e316d259bbea52cbe6211b236a33bdd80ea65c764da4faad2968cc06fce|OK
b|07|gcc-O3|0|eff82e316d259bbea52cbe6211b236a33bdd80ea65c764da4faad2968cc06fce|OK
b|07|gcc-O2-nostrict|0|eff82e316d259bbea52cbe6211b236a33bdd80ea65c764da4faad2968cc06fce|OK
b|07|clang-O2|0|eff82e316d259bbea52cbe6211b236a33bdd80ea65c764da4faad2968cc06fce|OK
b|07|clang-O3|0|eff82e316d259bbea52cbe6211b236a33bdd80ea65c764da4faad2968cc06fce|OK
b|07|clang-O2-nostrict|0|eff82e316d259bbea52cbe6211b236a33bdd80ea65c764da4faad2968cc06fce|OK
b|08|gcc-O0|0|a67a08d551538b193613d9f0c0e769189a8574edd5b48b1935cad3fb2b22eb2e|BASELINE
b|08|gcc-O2|0|a67a08d551538b193613d9f0c0e769189a8574edd5b48b1935cad3fb2b22eb2e|OK
b|08|gcc-O3|0|a67a08d551538b193613d9f0c0e769189a8574edd5b48b1935cad3fb2b22eb2e|OK
b|08|gcc-O2-nostrict|0|a67a08d551538b193613d9f0c0e769189a8574edd5b48b1935cad3fb2b22eb2e|OK
b|08|clang-O2|0|a67a08d551538b193613d9f0c0e769189a8574edd5b48b1935cad3fb2b22eb2e|OK
b|08|clang-O3|0|a67a08d551538b193613d9f0c0e769189a8574edd5b48b1935cad3fb2b22eb2e|OK
b|08|clang-O2-nostrict|0|a67a08d551538b193613d9f0c0e769189a8574edd5b48b1935cad3fb2b22eb2e|OK
b|09|gcc-O0|0|07b146032b1ae1ca2865e34a5618eb7f1d416af87a5fb71279715fdcf63244c4|BASELINE
b|09|gcc-O2|0|07b146032b1ae1ca2865e34a5618eb7f1d416af87a5fb71279715fdcf63244c4|OK
b|09|gcc-O3|0|07b146032b1ae1ca2865e34a5618eb7f1d416af87a5fb71279715fdcf63244c4|OK
b|09|gcc-O2-nostrict|0|07b146032b1ae1ca2865e34a5618eb7f1d416af87a5fb71279715fdcf63244c4|OK
b|09|clang-O2|0|07b146032b1ae1ca2865e34a5618eb7f1d416af87a5fb71279715fdcf63244c4|OK
b|09|clang-O3|0|07b146032b1ae1ca2865e34a5618eb7f1d416af87a5fb71279715fdcf63244c4|OK
b|09|clang-O2-nostrict|0|07b146032b1ae1ca2865e34a5618eb7f1d416af87a5fb71279715fdcf63244c4|OK
b|10|gcc-O0|0|fd3d7b6c2ad63589d9fc38337969f226ec9975e9501410559f307813bd8bef16|BASELINE
b|10|gcc-O2|0|fd3d7b6c2ad63589d9fc38337969f226ec9975e9501410559f307813bd8bef16|OK
b|10|gcc-O3|0|fd3d7b6c2ad63589d9fc38337969f226ec9975e9501410559f307813bd8bef16|OK
b|10|gcc-O2-nostrict|0|fd3d7b6c2ad63589d9fc38337969f226ec9975e9501410559f307813bd8bef16|OK
b|10|clang-O2|0|fd3d7b6c2ad63589d9fc38337969f226ec9975e9501410559f307813bd8bef16|OK
b|10|clang-O3|0|fd3d7b6c2ad63589d9fc38337969f226ec9975e9501410559f307813bd8bef16|OK
b|10|clang-O2-nostrict|0|fd3d7b6c2ad63589d9fc38337969f226ec9975e9501410559f307813bd8bef16|OK
c|01|gcc-O0|0|63a9a77549d276561ec1b37a6350da5bf86a863be8a425285a7ad9791d1f3fea|BASELINE
c|01|gcc-O2|0|63a9a77549d276561ec1b37a6350da5bf86a863be8a425285a7ad9791d1f3fea|OK
c|01|gcc-O3|0|63a9a77549d276561ec1b37a6350da5bf86a863be8a425285a7ad9791d1f3fea|OK
c|01|gcc-O2-nostrict|0|63a9a77549d276561ec1b37a6350da5bf86a863be8a425285a7ad9791d1f3fea|OK
c|01|clang-O2|0|63a9a77549d276561ec1b37a6350da5bf86a863be8a425285a7ad9791d1f3fea|OK
c|01|clang-O3|0|63a9a77549d276561ec1b37a6350da5bf86a863be8a425285a7ad9791d1f3fea|OK
c|01|clang-O2-nostrict|0|63a9a77549d276561ec1b37a6350da5bf86a863be8a425285a7ad9791d1f3fea|OK
c|02|gcc-O0|0|a2c9331cdfb0363965c70ad793ecff01478b68c82661a29e382f70035ce5b3ad|BASELINE
c|02|gcc-O2|0|a2c9331cdfb0363965c70ad793ecff01478b68c82661a29e382f70035ce5b3ad|OK
c|02|gcc-O3|0|a2c9331cdfb0363965c70ad793ecff01478b68c82661a29e382f70035ce5b3ad|OK
c|02|gcc-O2-nostrict|0|a2c9331cdfb0363965c70ad793ecff01478b68c82661a29e382f70035ce5b3ad|OK
c|02|clang-O2|0|a2c9331cdfb0363965c70ad793ecff01478b68c82661a29e382f70035ce5b3ad|OK
c|02|clang-O3|0|a2c9331cdfb0363965c70ad793ecff01478b68c82661a29e382f70035ce5b3ad|OK
c|02|clang-O2-nostrict|0|a2c9331cdfb0363965c70ad793ecff01478b68c82661a29e382f70035ce5b3ad|OK
c|03|gcc-O0|0|670318ae07f0a91dec023cd1ec15ea89111cea117cfab3a2fcbab7bd4f15fa37|BASELINE
c|03|gcc-O2|0|670318ae07f0a91dec023cd1ec15ea89111cea117cfab3a2fcbab7bd4f15fa37|OK
c|03|gcc-O3|0|670318ae07f0a91dec023cd1ec15ea89111cea117cfab3a2fcbab7bd4f15fa37|OK
c|03|gcc-O2-nostrict|0|670318ae07f0a91dec023cd1ec15ea89111cea117cfab3a2fcbab7bd4f15fa37|OK
c|03|clang-O2|0|670318ae07f0a91dec023cd1ec15ea89111cea117cfab3a2fcbab7bd4f15fa37|OK
c|03|clang-O3|0|670318ae07f0a91dec023cd1ec15ea89111cea117cfab3a2fcbab7bd4f15fa37|OK
c|03|clang-O2-nostrict|0|670318ae07f0a91dec023cd1ec15ea89111cea117cfab3a2fcbab7bd4f15fa37|OK
c|04|gcc-O0|0|a27205b96073b7c070848f8dfc59894d346200370362b14f1bc1cf49c1c9fb91|BASELINE
c|04|gcc-O2|0|a27205b96073b7c070848f8dfc59894d346200370362b14f1bc1cf49c1c9fb91|OK
c|04|gcc-O3|0|a27205b96073b7c070848f8dfc59894d346200370362b14f1bc1cf49c1c9fb91|OK
c|04|gcc-O2-nostrict|0|a27205b96073b7c070848f8dfc59894d346200370362b14f1bc1cf49c1c9fb91|OK
c|04|clang-O2|0|a27205b96073b7c070848f8dfc59894d346200370362b14f1bc1cf49c1c9fb91|OK
c|04|clang-O3|0|a27205b96073b7c070848f8dfc59894d346200370362b14f1bc1cf49c1c9fb91|OK
c|04|clang-O2-nostrict|0|a27205b96073b7c070848f8dfc59894d346200370362b14f1bc1cf49c1c9fb91|OK
c|05|gcc-O0|0|2281d258f344c86b09b93a7b67fad75be4ea45bf9c6c9cf1909136d9c4067f37|BASELINE
c|05|gcc-O2|0|2281d258f344c86b09b93a7b67fad75be4ea45bf9c6c9cf1909136d9c4067f37|OK
c|05|gcc-O3|0|2281d258f344c86b09b93a7b67fad75be4ea45bf9c6c9cf1909136d9c4067f37|OK
c|05|gcc-O2-nostrict|0|2281d258f344c86b09b93a7b67fad75be4ea45bf9c6c9cf1909136d9c4067f37|OK
c|05|clang-O2|0|2281d258f344c86b09b93a7b67fad75be4ea45bf9c6c9cf1909136d9c4067f37|OK
c|05|clang-O3|0|2281d258f344c86b09b93a7b67fad75be4ea45bf9c6c9cf1909136d9c4067f37|OK
c|05|clang-O2-nostrict|0|2281d258f344c86b09b93a7b67fad75be4ea45bf9c6c9cf1909136d9c4067f37|OK
c|06|gcc-O0|0|aad33e4d4b91e24cdf1df3c89eb2869e892ca9c715f8c816a0e5817f11a07953|BASELINE
c|06|gcc-O2|0|aad33e4d4b91e24cdf1df3c89eb2869e892ca9c715f8c816a0e5817f11a07953|OK
c|06|gcc-O3|0|aad33e4d4b91e24cdf1df3c89eb2869e892ca9c715f8c816a0e5817f11a07953|OK
c|06|gcc-O2-nostrict|0|aad33e4d4b91e24cdf1df3c89eb2869e892ca9c715f8c816a0e5817f11a07953|OK
c|06|clang-O2|0|aad33e4d4b91e24cdf1df3c89eb2869e892ca9c715f8c816a0e5817f11a07953|OK
c|06|clang-O3|0|aad33e4d4b91e24cdf1df3c89eb2869e892ca9c715f8c816a0e5817f11a07953|OK
c|06|clang-O2-nostrict|0|aad33e4d4b91e24cdf1df3c89eb2869e892ca9c715f8c816a0e5817f11a07953|OK
c|07|gcc-O0|0|2dc0e448d77a471056d73e495f86bb036aa4147ec8e9891a94b68c500d4a26d7|BASELINE
c|07|gcc-O2|0|2dc0e448d77a471056d73e495f86bb036aa4147ec8e9891a94b68c500d4a26d7|OK
c|07|gcc-O3|0|2dc0e448d77a471056d73e495f86bb036aa4147ec8e9891a94b68c500d4a26d7|OK
c|07|gcc-O2-nostrict|0|2dc0e448d77a471056d73e495f86bb036aa4147ec8e9891a94b68c500d4a26d7|OK
c|07|clang-O2|0|2dc0e448d77a471056d73e495f86bb036aa4147ec8e9891a94b68c500d4a26d7|OK
c|07|clang-O3|0|2dc0e448d77a471056d73e495f86bb036aa4147ec8e9891a94b68c500d4a26d7|OK
c|07|clang-O2-nostrict|0|2dc0e448d77a471056d73e495f86bb036aa4147ec8e9891a94b68c500d4a26d7|OK
c|08|gcc-O0|0|131eed370e468ad59d784a6c774c40ce90d585d51364c7e10b85bfd441ff1641|BASELINE
c|08|gcc-O2|0|131eed370e468ad59d784a6c774c40ce90d585d51364c7e10b85bfd441ff1641|OK
c|08|gcc-O3|0|131eed370e468ad59d784a6c774c40ce90d585d51364c7e10b85bfd441ff1641|OK
c|08|gcc-O2-nostrict|0|131eed370e468ad59d784a6c774c40ce90d585d51364c7e10b85bfd441ff1641|OK
c|08|clang-O2|0|131eed370e468ad59d784a6c774c40ce90d585d51364c7e10b85bfd441ff1641|OK
c|08|clang-O3|0|131eed370e468ad59d784a6c774c40ce90d585d51364c7e10b85bfd441ff1641|OK
c|08|clang-O2-nostrict|0|131eed370e468ad59d784a6c774c40ce90d585d51364c7e10b85bfd441ff1641|OK
c|09|gcc-O0|0|26fce30f989c5c538b69ecf964270bf99ec76599d99aebb579dbb3bb723d7ebb|BASELINE
c|09|gcc-O2|0|26fce30f989c5c538b69ecf964270bf99ec76599d99aebb579dbb3bb723d7ebb|OK
c|09|gcc-O3|0|26fce30f989c5c538b69ecf964270bf99ec76599d99aebb579dbb3bb723d7ebb|OK
c|09|gcc-O2-nostrict|0|26fce30f989c5c538b69ecf964270bf99ec76599d99aebb579dbb3bb723d7ebb|OK
c|09|clang-O2|0|26fce30f989c5c538b69ecf964270bf99ec76599d99aebb579dbb3bb723d7ebb|OK
c|09|clang-O3|0|26fce30f989c5c538b69ecf964270bf99ec76599d99aebb579dbb3bb723d7ebb|OK
c|09|clang-O2-nostrict|0|26fce30f989c5c538b69ecf964270bf99ec76599d99aebb579dbb3bb723d7ebb|OK
c|10|gcc-O0|0|bdb480810a5d721bb6e1d03ad92b7c47fdc0f3dbe5d2601e8996549d08cd767d|BASELINE
c|10|gcc-O2|0|bdb480810a5d721bb6e1d03ad92b7c47fdc0f3dbe5d2601e8996549d08cd767d|OK
c|10|gcc-O3|0|bdb480810a5d721bb6e1d03ad92b7c47fdc0f3dbe5d2601e8996549d08cd767d|OK
c|10|gcc-O2-nostrict|0|bdb480810a5d721bb6e1d03ad92b7c47fdc0f3dbe5d2601e8996549d08cd767d|OK
c|10|clang-O2|0|bdb480810a5d721bb6e1d03ad92b7c47fdc0f3dbe5d2601e8996549d08cd767d|OK
c|10|clang-O3|0|bdb480810a5d721bb6e1d03ad92b7c47fdc0f3dbe5d2601e8996549d08cd767d|OK
c|10|clang-O2-nostrict|0|bdb480810a5d721bb6e1d03ad92b7c47fdc0f3dbe5d2601e8996549d08cd767d|OK
ctl|01|gcc-O0|0|6e2c57496db9d5166528ab6aaa73c87e9ee1ac78fa44ee6b9e80ba2fdcf8df2f|BASELINE
ctl|01|gcc-O2|0|6e2c57496db9d5166528ab6aaa73c87e9ee1ac78fa44ee6b9e80ba2fdcf8df2f|OK
ctl|01|gcc-O3|0|6e2c57496db9d5166528ab6aaa73c87e9ee1ac78fa44ee6b9e80ba2fdcf8df2f|OK
ctl|01|gcc-O2-nostrict|0|6e2c57496db9d5166528ab6aaa73c87e9ee1ac78fa44ee6b9e80ba2fdcf8df2f|OK
ctl|01|clang-O2|0|6e2c57496db9d5166528ab6aaa73c87e9ee1ac78fa44ee6b9e80ba2fdcf8df2f|OK
ctl|01|clang-O3|0|6e2c57496db9d5166528ab6aaa73c87e9ee1ac78fa44ee6b9e80ba2fdcf8df2f|OK
ctl|01|clang-O2-nostrict|0|6e2c57496db9d5166528ab6aaa73c87e9ee1ac78fa44ee6b9e80ba2fdcf8df2f|OK
ctl|02|gcc-O0|0|d07eabae329046a326827135d06c4e7e110b32e2ef208e3dfb3280c2fcd4984f|BASELINE
ctl|02|gcc-O2|0|d07eabae329046a326827135d06c4e7e110b32e2ef208e3dfb3280c2fcd4984f|OK
ctl|02|gcc-O3|0|d07eabae329046a326827135d06c4e7e110b32e2ef208e3dfb3280c2fcd4984f|OK
ctl|02|gcc-O2-nostrict|0|d07eabae329046a326827135d06c4e7e110b32e2ef208e3dfb3280c2fcd4984f|OK
ctl|02|clang-O2|0|d07eabae329046a326827135d06c4e7e110b32e2ef208e3dfb3280c2fcd4984f|OK
ctl|02|clang-O3|0|d07eabae329046a326827135d06c4e7e110b32e2ef208e3dfb3280c2fcd4984f|OK
ctl|02|clang-O2-nostrict|0|d07eabae329046a326827135d06c4e7e110b32e2ef208e3dfb3280c2fcd4984f|OK
ctl|03|gcc-O0|0|9fadd1be51329062f22c62c95d08b7c8f54330140c8aeef67ae8f1bd54f358f2|BASELINE
ctl|03|gcc-O2|0|9fadd1be51329062f22c62c95d08b7c8f54330140c8aeef67ae8f1bd54f358f2|OK
ctl|03|gcc-O3|0|9fadd1be51329062f22c62c95d08b7c8f54330140c8aeef67ae8f1bd54f358f2|OK
ctl|03|gcc-O2-nostrict|0|9fadd1be51329062f22c62c95d08b7c8f54330140c8aeef67ae8f1bd54f358f2|OK
ctl|03|clang-O2|0|9fadd1be51329062f22c62c95d08b7c8f54330140c8aeef67ae8f1bd54f358f2|OK
ctl|03|clang-O3|0|9fadd1be51329062f22c62c95d08b7c8f54330140c8aeef67ae8f1bd54f358f2|OK
ctl|03|clang-O2-nostrict|0|9fadd1be51329062f22c62c95d08b7c8f54330140c8aeef67ae8f1bd54f358f2|OK
ctl|04|gcc-O0|0|7cdde04b807e287de8f8dde0988d26c134420417f9a81ba470459853ca5eed8b|BASELINE
ctl|04|gcc-O2|0|7cdde04b807e287de8f8dde0988d26c134420417f9a81ba470459853ca5eed8b|OK
ctl|04|gcc-O3|0|7cdde04b807e287de8f8dde0988d26c134420417f9a81ba470459853ca5eed8b|OK
ctl|04|gcc-O2-nostrict|0|7cdde04b807e287de8f8dde0988d26c134420417f9a81ba470459853ca5eed8b|OK
ctl|04|clang-O2|0|7cdde04b807e287de8f8dde0988d26c134420417f9a81ba470459853ca5eed8b|OK
ctl|04|clang-O3|0|7cdde04b807e287de8f8dde0988d26c134420417f9a81ba470459853ca5eed8b|OK
ctl|04|clang-O2-nostrict|0|7cdde04b807e287de8f8dde0988d26c134420417f9a81ba470459853ca5eed8b|OK
ctl|05|gcc-O0|0|d7ee4f45616c8a648b4b3e31e223c89409ecf7178864675833e0724e3a825625|BASELINE
ctl|05|gcc-O2|0|d7ee4f45616c8a648b4b3e31e223c89409ecf7178864675833e0724e3a825625|OK
ctl|05|gcc-O3|0|d7ee4f45616c8a648b4b3e31e223c89409ecf7178864675833e0724e3a825625|OK
ctl|05|gcc-O2-nostrict|0|d7ee4f45616c8a648b4b3e31e223c89409ecf7178864675833e0724e3a825625|OK
ctl|05|clang-O2|0|d7ee4f45616c8a648b4b3e31e223c89409ecf7178864675833e0724e3a825625|OK
ctl|05|clang-O3|0|d7ee4f45616c8a648b4b3e31e223c89409ecf7178864675833e0724e3a825625|OK
ctl|05|clang-O2-nostrict|0|d7ee4f45616c8a648b4b3e31e223c89409ecf7178864675833e0724e3a825625|OK
ctl|06|gcc-O0|0|882e138fe0ec703d5f87309b866926109ca50f05b877101ad8584473ffd07d1f|BASELINE
ctl|06|gcc-O2|0|882e138fe0ec703d5f87309b866926109ca50f05b877101ad8584473ffd07d1f|OK
ctl|06|gcc-O3|0|882e138fe0ec703d5f87309b866926109ca50f05b877101ad8584473ffd07d1f|OK
ctl|06|gcc-O2-nostrict|0|882e138fe0ec703d5f87309b866926109ca50f05b877101ad8584473ffd07d1f|OK
ctl|06|clang-O2|0|882e138fe0ec703d5f87309b866926109ca50f05b877101ad8584473ffd07d1f|OK
ctl|06|clang-O3|0|882e138fe0ec703d5f87309b866926109ca50f05b877101ad8584473ffd07d1f|OK
ctl|06|clang-O2-nostrict|0|882e138fe0ec703d5f87309b866926109ca50f05b877101ad8584473ffd07d1f|OK
ctl|07|gcc-O0|0|fcaec5439b2d9f05921c9cd62dc596017cc7cc58ae2f43c6b55fe8e1c5dabd6c|BASELINE
ctl|07|gcc-O2|0|fcaec5439b2d9f05921c9cd62dc596017cc7cc58ae2f43c6b55fe8e1c5dabd6c|OK
ctl|07|gcc-O3|0|fcaec5439b2d9f05921c9cd62dc596017cc7cc58ae2f43c6b55fe8e1c5dabd6c|OK
ctl|07|gcc-O2-nostrict|0|fcaec5439b2d9f05921c9cd62dc596017cc7cc58ae2f43c6b55fe8e1c5dabd6c|OK
ctl|07|clang-O2|0|fcaec5439b2d9f05921c9cd62dc596017cc7cc58ae2f43c6b55fe8e1c5dabd6c|OK
ctl|07|clang-O3|0|fcaec5439b2d9f05921c9cd62dc596017cc7cc58ae2f43c6b55fe8e1c5dabd6c|OK
ctl|07|clang-O2-nostrict|0|fcaec5439b2d9f05921c9cd62dc596017cc7cc58ae2f43c6b55fe8e1c5dabd6c|OK
ctl|08|gcc-O0|0|5447f9560fc590287def56f8e9881d360a3e2c5d3e48b0ae2986b3233c1fdc47|BASELINE
ctl|08|gcc-O2|0|5447f9560fc590287def56f8e9881d360a3e2c5d3e48b0ae2986b3233c1fdc47|OK
ctl|08|gcc-O3|0|5447f9560fc590287def56f8e9881d360a3e2c5d3e48b0ae2986b3233c1fdc47|OK
ctl|08|gcc-O2-nostrict|0|5447f9560fc590287def56f8e9881d360a3e2c5d3e48b0ae2986b3233c1fdc47|OK
ctl|08|clang-O2|0|5447f9560fc590287def56f8e9881d360a3e2c5d3e48b0ae2986b3233c1fdc47|OK
ctl|08|clang-O3|0|5447f9560fc590287def56f8e9881d360a3e2c5d3e48b0ae2986b3233c1fdc47|OK
ctl|08|clang-O2-nostrict|0|5447f9560fc590287def56f8e9881d360a3e2c5d3e48b0ae2986b3233c1fdc47|OK
ctl|09|gcc-O0|0|2f3b820b529bda67e80504fa8c99bbdf64b54260994d447ab6ea27c3ffce9503|BASELINE
ctl|09|gcc-O2|0|2f3b820b529bda67e80504fa8c99bbdf64b54260994d447ab6ea27c3ffce9503|OK
ctl|09|gcc-O3|0|2f3b820b529bda67e80504fa8c99bbdf64b54260994d447ab6ea27c3ffce9503|OK
ctl|09|gcc-O2-nostrict|0|2f3b820b529bda67e80504fa8c99bbdf64b54260994d447ab6ea27c3ffce9503|OK
ctl|09|clang-O2|0|2f3b820b529bda67e80504fa8c99bbdf64b54260994d447ab6ea27c3ffce9503|OK
ctl|09|clang-O3|0|2f3b820b529bda67e80504fa8c99bbdf64b54260994d447ab6ea27c3ffce9503|OK
ctl|09|clang-O2-nostrict|0|2f3b820b529bda67e80504fa8c99bbdf64b54260994d447ab6ea27c3ffce9503|OK
ctl|10|gcc-O0|0|90d10b05a782ea9009da58160c93eb1bbd705134f8575ef9a7d1dd52cda06934|BASELINE
ctl|10|gcc-O2|0|90d10b05a782ea9009da58160c93eb1bbd705134f8575ef9a7d1dd52cda06934|OK
ctl|10|gcc-O3|0|90d10b05a782ea9009da58160c93eb1bbd705134f8575ef9a7d1dd52cda06934|OK
ctl|10|gcc-O2-nostrict|0|90d10b05a782ea9009da58160c93eb1bbd705134f8575ef9a7d1dd52cda06934|OK
ctl|10|clang-O2|0|90d10b05a782ea9009da58160c93eb1bbd705134f8575ef9a7d1dd52cda06934|OK
ctl|10|clang-O3|0|90d10b05a782ea9009da58160c93eb1bbd705134f8575ef9a7d1dd52cda06934|OK
ctl|10|clang-O2-nostrict|0|90d10b05a782ea9009da58160c93eb1bbd705134f8575ef9a7d1dd52cda06934|OK
d|01|gcc-O0|0|63bd023789e8176e1875245bbb4769112d0be7785e0c1431bcf3c25fb9a5f320|BASELINE
d|01|gcc-O2|0|63bd023789e8176e1875245bbb4769112d0be7785e0c1431bcf3c25fb9a5f320|OK
d|01|gcc-O3|0|63bd023789e8176e1875245bbb4769112d0be7785e0c1431bcf3c25fb9a5f320|OK
d|01|gcc-O2-nostrict|0|63bd023789e8176e1875245bbb4769112d0be7785e0c1431bcf3c25fb9a5f320|OK
d|01|clang-O2|0|63bd023789e8176e1875245bbb4769112d0be7785e0c1431bcf3c25fb9a5f320|OK
d|01|clang-O3|0|63bd023789e8176e1875245bbb4769112d0be7785e0c1431bcf3c25fb9a5f320|OK
d|01|clang-O2-nostrict|0|63bd023789e8176e1875245bbb4769112d0be7785e0c1431bcf3c25fb9a5f320|OK
d|02|gcc-O0|0|885ce4c19fecfa382276a53c09b4c38d1da8a3bcc319d96eb31fd763fdcd9106|BASELINE
d|02|gcc-O2|0|885ce4c19fecfa382276a53c09b4c38d1da8a3bcc319d96eb31fd763fdcd9106|OK
d|02|gcc-O3|0|885ce4c19fecfa382276a53c09b4c38d1da8a3bcc319d96eb31fd763fdcd9106|OK
d|02|gcc-O2-nostrict|0|885ce4c19fecfa382276a53c09b4c38d1da8a3bcc319d96eb31fd763fdcd9106|OK
d|02|clang-O2|0|885ce4c19fecfa382276a53c09b4c38d1da8a3bcc319d96eb31fd763fdcd9106|OK
d|02|clang-O3|0|885ce4c19fecfa382276a53c09b4c38d1da8a3bcc319d96eb31fd763fdcd9106|OK
d|02|clang-O2-nostrict|0|885ce4c19fecfa382276a53c09b4c38d1da8a3bcc319d96eb31fd763fdcd9106|OK
d|03|gcc-O0|0|84e7f06f641af0ed80362898d6df6788027f772a50ca749aa788e8fa41c486c9|BASELINE
d|03|gcc-O2|0|84e7f06f641af0ed80362898d6df6788027f772a50ca749aa788e8fa41c486c9|OK
d|03|gcc-O3|0|84e7f06f641af0ed80362898d6df6788027f772a50ca749aa788e8fa41c486c9|OK
d|03|gcc-O2-nostrict|0|84e7f06f641af0ed80362898d6df6788027f772a50ca749aa788e8fa41c486c9|OK
d|03|clang-O2|0|84e7f06f641af0ed80362898d6df6788027f772a50ca749aa788e8fa41c486c9|OK
d|03|clang-O3|0|84e7f06f641af0ed80362898d6df6788027f772a50ca749aa788e8fa41c486c9|OK
d|03|clang-O2-nostrict|0|84e7f06f641af0ed80362898d6df6788027f772a50ca749aa788e8fa41c486c9|OK
d|04|gcc-O0|0|ba2cdecdc83d103e665b769f16e9437eefdc54cc3689df49d27e3e9f8fae9a36|BASELINE
d|04|gcc-O2|0|ba2cdecdc83d103e665b769f16e9437eefdc54cc3689df49d27e3e9f8fae9a36|OK
d|04|gcc-O3|0|ba2cdecdc83d103e665b769f16e9437eefdc54cc3689df49d27e3e9f8fae9a36|OK
d|04|gcc-O2-nostrict|0|ba2cdecdc83d103e665b769f16e9437eefdc54cc3689df49d27e3e9f8fae9a36|OK
d|04|clang-O2|0|ba2cdecdc83d103e665b769f16e9437eefdc54cc3689df49d27e3e9f8fae9a36|OK
d|04|clang-O3|0|ba2cdecdc83d103e665b769f16e9437eefdc54cc3689df49d27e3e9f8fae9a36|OK
d|04|clang-O2-nostrict|0|ba2cdecdc83d103e665b769f16e9437eefdc54cc3689df49d27e3e9f8fae9a36|OK
d|05|gcc-O0|0|bdec6757936e248b778757dd2d503b13fffa220303a9dd9afb83a5a41ffe2a7d|BASELINE
d|05|gcc-O2|0|bdec6757936e248b778757dd2d503b13fffa220303a9dd9afb83a5a41ffe2a7d|OK
d|05|gcc-O3|0|bdec6757936e248b778757dd2d503b13fffa220303a9dd9afb83a5a41ffe2a7d|OK
d|05|gcc-O2-nostrict|0|bdec6757936e248b778757dd2d503b13fffa220303a9dd9afb83a5a41ffe2a7d|OK
d|05|clang-O2|0|bdec6757936e248b778757dd2d503b13fffa220303a9dd9afb83a5a41ffe2a7d|OK
d|05|clang-O3|0|bdec6757936e248b778757dd2d503b13fffa220303a9dd9afb83a5a41ffe2a7d|OK
d|05|clang-O2-nostrict|0|bdec6757936e248b778757dd2d503b13fffa220303a9dd9afb83a5a41ffe2a7d|OK
d|06|gcc-O0|0|bbd9035cc7747f1e32e3a2493a3583c1940d05e785f4f01456582f1a32a0d029|BASELINE
d|06|gcc-O2|0|bbd9035cc7747f1e32e3a2493a3583c1940d05e785f4f01456582f1a32a0d029|OK
d|06|gcc-O3|0|bbd9035cc7747f1e32e3a2493a3583c1940d05e785f4f01456582f1a32a0d029|OK
d|06|gcc-O2-nostrict|0|bbd9035cc7747f1e32e3a2493a3583c1940d05e785f4f01456582f1a32a0d029|OK
d|06|clang-O2|0|bbd9035cc7747f1e32e3a2493a3583c1940d05e785f4f01456582f1a32a0d029|OK
d|06|clang-O3|0|bbd9035cc7747f1e32e3a2493a3583c1940d05e785f4f01456582f1a32a0d029|OK
d|06|clang-O2-nostrict|0|bbd9035cc7747f1e32e3a2493a3583c1940d05e785f4f01456582f1a32a0d029|OK
d|07|gcc-O0|0|b6e745b387137236fbe86271fec93e374e52a40cc2deab86cd7e672d69ac5687|BASELINE
d|07|gcc-O2|0|b6e745b387137236fbe86271fec93e374e52a40cc2deab86cd7e672d69ac5687|OK
d|07|gcc-O3|0|b6e745b387137236fbe86271fec93e374e52a40cc2deab86cd7e672d69ac5687|OK
d|07|gcc-O2-nostrict|0|b6e745b387137236fbe86271fec93e374e52a40cc2deab86cd7e672d69ac5687|OK
d|07|clang-O2|0|b6e745b387137236fbe86271fec93e374e52a40cc2deab86cd7e672d69ac5687|OK
d|07|clang-O3|0|b6e745b387137236fbe86271fec93e374e52a40cc2deab86cd7e672d69ac5687|OK
d|07|clang-O2-nostrict|0|b6e745b387137236fbe86271fec93e374e52a40cc2deab86cd7e672d69ac5687|OK
d|08|gcc-O0|0|0bf22ddb40be4677da8d6823fd6fd3a676f2cffb48b10f18a40badee3b2198a6|BASELINE
d|08|gcc-O2|0|0bf22ddb40be4677da8d6823fd6fd3a676f2cffb48b10f18a40badee3b2198a6|OK
d|08|gcc-O3|0|0bf22ddb40be4677da8d6823fd6fd3a676f2cffb48b10f18a40badee3b2198a6|OK
d|08|gcc-O2-nostrict|0|0bf22ddb40be4677da8d6823fd6fd3a676f2cffb48b10f18a40badee3b2198a6|OK
d|08|clang-O2|0|0bf22ddb40be4677da8d6823fd6fd3a676f2cffb48b10f18a40badee3b2198a6|OK
d|08|clang-O3|0|0bf22ddb40be4677da8d6823fd6fd3a676f2cffb48b10f18a40badee3b2198a6|OK
d|08|clang-O2-nostrict|0|0bf22ddb40be4677da8d6823fd6fd3a676f2cffb48b10f18a40badee3b2198a6|OK
d|09|gcc-O0|0|b57f2537fad5a95e451bdcfc9e4385bc299f9ec30620bacd850e394fdd17a3d6|BASELINE
d|09|gcc-O2|0|b57f2537fad5a95e451bdcfc9e4385bc299f9ec30620bacd850e394fdd17a3d6|OK
d|09|gcc-O3|0|b57f2537fad5a95e451bdcfc9e4385bc299f9ec30620bacd850e394fdd17a3d6|OK
d|09|gcc-O2-nostrict|0|b57f2537fad5a95e451bdcfc9e4385bc299f9ec30620bacd850e394fdd17a3d6|OK
d|09|clang-O2|0|b57f2537fad5a95e451bdcfc9e4385bc299f9ec30620bacd850e394fdd17a3d6|OK
d|09|clang-O3|0|b57f2537fad5a95e451bdcfc9e4385bc299f9ec30620bacd850e394fdd17a3d6|OK
d|09|clang-O2-nostrict|0|b57f2537fad5a95e451bdcfc9e4385bc299f9ec30620bacd850e394fdd17a3d6|OK
d|10|gcc-O0|0|3ac288b9b61e0966d7dd77d596123c23a492b734950b7edd0276af8f07236c1f|BASELINE
d|10|gcc-O2|0|3ac288b9b61e0966d7dd77d596123c23a492b734950b7edd0276af8f07236c1f|OK
d|10|gcc-O3|0|3ac288b9b61e0966d7dd77d596123c23a492b734950b7edd0276af8f07236c1f|OK
d|10|gcc-O2-nostrict|0|3ac288b9b61e0966d7dd77d596123c23a492b734950b7edd0276af8f07236c1f|OK
d|10|clang-O2|0|3ac288b9b61e0966d7dd77d596123c23a492b734950b7edd0276af8f07236c1f|OK
d|10|clang-O3|0|3ac288b9b61e0966d7dd77d596123c23a492b734950b7edd0276af8f07236c1f|OK
d|10|clang-O2-nostrict|0|3ac288b9b61e0966d7dd77d596123c23a492b734950b7edd0276af8f07236c1f|OK
SUMMARY|rows=350|cferr=0
BYFAMILY|family=a|rows=70|divergent=0
BYFAMILY|family=b|rows=70|divergent=0
BYFAMILY|family=ctl|rows=70|divergent=0
BYFAMILY|family=c|rows=70|divergent=0
BYFAMILY|family=d|rows=70|divergent=0
