META|runtime_libcrypto=OpenSSL 3.5.7 9 Jun 2026|compiled_headers=OpenSSL 3.5.7 9 Jun 2026|mode=fips-only
META|fips_provider=not-loaded|status=unavailable|reason=system library|common libcrypto routines: provider section error|configuration file routines: module initialization error
META|default_provider=loaded
valid-control|ML-KEM-512|pass|seed:20262824|format=raw|provider=default|import-accepted
valid-control|ML-KEM-512|pass|seed:20262824|format=raw|provider=fips|blocked|reason=fips-unavailable
valid-control|ML-KEM-512|pass|seed:20262825|format=raw|provider=default|import-accepted
valid-control|ML-KEM-512|pass|seed:20262825|format=raw|provider=fips|blocked|reason=fips-unavailable
valid-control|ML-KEM-512|pass|seed:20262826|format=raw|provider=default|import-accepted
valid-control|ML-KEM-512|pass|seed:20262826|format=raw|provider=fips|blocked|reason=fips-unavailable
valid-control|ML-KEM-512|pass|seed:20262827|format=raw|provider=default|import-accepted
valid-control|ML-KEM-512|pass|seed:20262827|format=raw|provider=fips|blocked|reason=fips-unavailable
valid-control|ML-KEM-512|pass|seed:20262828|format=raw|provider=default|import-accepted
valid-control|ML-KEM-512|pass|seed:20262828|format=raw|provider=fips|blocked|reason=fips-unavailable
valid-control|ML-KEM-512|pass|seed:20262829|format=raw|provider=default|import-accepted
valid-control|ML-KEM-512|pass|seed:20262829|format=raw|provider=fips|blocked|reason=fips-unavailable
valid-control|ML-KEM-512|pass|seed:20262830|format=raw|provider=default|import-accepted
valid-control|ML-KEM-512|pass|seed:20262830|format=raw|provider=fips|blocked|reason=fips-unavailable
valid-control|ML-KEM-512|pass|seed:20262831|format=raw|provider=default|import-accepted
valid-control|ML-KEM-512|pass|seed:20262831|format=raw|provider=fips|blocked|reason=fips-unavailable
valid-control|ML-KEM-512|pass|seed:20262832|format=raw|provider=default|import-accepted
valid-control|ML-KEM-512|pass|seed:20262832|format=raw|provider=fips|blocked|reason=fips-unavailable
valid-control|ML-KEM-512|pass|seed:20262833|format=raw|provider=default|import-accepted
valid-control|ML-KEM-512|pass|seed:20262833|format=raw|provider=fips|blocked|reason=fips-unavailable
valid-control|ML-KEM-512|pass|seed:20262834|format=raw|provider=default|import-accepted
valid-control|ML-KEM-512|pass|seed:20262834|format=raw|provider=fips|blocked|reason=fips-unavailable
valid-control|ML-KEM-512|pass|seed:20262835|format=raw|provider=default|import-accepted
valid-control|ML-KEM-512|pass|seed:20262835|format=raw|provider=fips|blocked|reason=fips-unavailable
valid-control|ML-KEM-512|pass|seed:20262836|format=raw|provider=default|import-accepted
valid-control|ML-KEM-512|pass|seed:20262836|format=raw|provider=fips|blocked|reason=fips-unavailable
valid-control|ML-KEM-512|pass|seed:20262837|format=raw|provider=default|import-accepted
valid-control|ML-KEM-512|pass|seed:20262837|format=raw|provider=fips|blocked|reason=fips-unavailable
valid-control|ML-KEM-512|pass|seed:20262838|format=raw|provider=default|import-accepted
valid-control|ML-KEM-512|pass|seed:20262838|format=raw|provider=fips|blocked|reason=fips-unavailable
valid-control|ML-KEM-512|pass|seed:20262839|format=raw|provider=default|import-accepted
valid-control|ML-KEM-512|pass|seed:20262839|format=raw|provider=fips|blocked|reason=fips-unavailable
valid-control|ML-KEM-512|pass|seed:20262840|format=raw|provider=default|import-accepted
valid-control|ML-KEM-512|pass|seed:20262840|format=raw|provider=fips|blocked|reason=fips-unavailable
valid-control|ML-KEM-512|pass|seed:20262841|format=raw|provider=default|import-accepted
valid-control|ML-KEM-512|pass|seed:20262841|format=raw|provider=fips|blocked|reason=fips-unavailable
valid-control|ML-KEM-512|pass|seed:20262842|format=raw|provider=default|import-accepted
valid-control|ML-KEM-512|pass|seed:20262842|format=raw|provider=fips|blocked|reason=fips-unavailable
valid-control|ML-KEM-512|pass|seed:20262843|format=raw|provider=default|import-accepted
valid-control|ML-KEM-512|pass|seed:20262843|format=raw|provider=fips|blocked|reason=fips-unavailable
valid-control|ML-KEM-512|pass|seed:20262844|format=raw|provider=default|import-accepted
valid-control|ML-KEM-512|pass|seed:20262844|format=raw|provider=fips|blocked|reason=fips-unavailable
valid-control|ML-KEM-512|pass|seed:20262845|format=raw|provider=default|import-accepted
valid-control|ML-KEM-512|pass|seed:20262845|format=raw|provider=fips|blocked|reason=fips-unavailable
valid-control|ML-KEM-512|pass|seed:20262846|format=raw|provider=default|import-accepted
valid-control|ML-KEM-512|pass|seed:20262846|format=raw|provider=fips|blocked|reason=fips-unavailable
valid-control|ML-KEM-512|pass|seed:20262847|format=raw|provider=default|import-accepted
valid-control|ML-KEM-512|pass|seed:20262847|format=raw|provider=fips|blocked|reason=fips-unavailable
valid-control|ML-KEM-512|pass|seed:20262848|format=raw|provider=default|import-accepted
valid-control|ML-KEM-512|pass|seed:20262848|format=raw|provider=fips|blocked|reason=fips-unavailable
valid-control|ML-KEM-512|pass|seed:20262849|format=raw|provider=default|import-accepted
valid-control|ML-KEM-512|pass|seed:20262849|format=raw|provider=fips|blocked|reason=fips-unavailable
valid-control|ML-KEM-512|pass|seed:20262850|format=raw|provider=default|import-accepted
valid-control|ML-KEM-512|pass|seed:20262850|format=raw|provider=fips|blocked|reason=fips-unavailable
valid-control|ML-KEM-512|pass|seed:20262851|format=raw|provider=default|import-accepted
valid-control|ML-KEM-512|pass|seed:20262851|format=raw|provider=fips|blocked|reason=fips-unavailable
valid-control|ML-KEM-512|pass|seed:20262852|format=raw|provider=default|import-accepted
valid-control|ML-KEM-512|pass|seed:20262852|format=raw|provider=fips|blocked|reason=fips-unavailable
valid-control|ML-KEM-512|pass|seed:20262853|format=raw|provider=default|import-accepted
valid-control|ML-KEM-512|pass|seed:20262853|format=raw|provider=fips|blocked|reason=fips-unavailable
valid-control|ML-KEM-512|pass|seed:20262854|format=raw|provider=default|import-accepted
valid-control|ML-KEM-512|pass|seed:20262854|format=raw|provider=fips|blocked|reason=fips-unavailable
valid-control|ML-KEM-512|pass|seed:20262855|format=raw|provider=default|import-accepted
valid-control|ML-KEM-512|pass|seed:20262855|format=raw|provider=fips|blocked|reason=fips-unavailable
noncanon-q3329-first|ML-KEM-512|fail-modulus|seed:779000+coeff[0]:=3329|format=raw|provider=default|import-rejected|Provider routines:invalid key
noncanon-q3329-first|ML-KEM-512|fail-modulus|seed:779000+coeff[0]:=3329|format=raw|provider=fips|blocked|reason=fips-unavailable
noncanon-v4000-first|ML-KEM-512|fail-modulus|seed:779000+coeff[0]:=4000|format=raw|provider=default|import-rejected|Provider routines:invalid key
noncanon-v4000-first|ML-KEM-512|fail-modulus|seed:779000+coeff[0]:=4000|format=raw|provider=fips|blocked|reason=fips-unavailable
noncanon-max4095-first|ML-KEM-512|fail-modulus|seed:779000+coeff[0]:=4095|format=raw|provider=default|import-rejected|Provider routines:invalid key
noncanon-max4095-first|ML-KEM-512|fail-modulus|seed:779000+coeff[0]:=4095|format=raw|provider=fips|blocked|reason=fips-unavailable
noncanon-q3329-middle|ML-KEM-512|fail-modulus|seed:779000+coeff[256]:=3329|format=raw|provider=default|import-rejected|Provider routines:invalid key
noncanon-q3329-middle|ML-KEM-512|fail-modulus|seed:779000+coeff[256]:=3329|format=raw|provider=fips|blocked|reason=fips-unavailable
noncanon-v4000-middle|ML-KEM-512|fail-modulus|seed:779000+coeff[256]:=4000|format=raw|provider=default|import-rejected|Provider routines:invalid key
noncanon-v4000-middle|ML-KEM-512|fail-modulus|seed:779000+coeff[256]:=4000|format=raw|provider=fips|blocked|reason=fips-unavailable
noncanon-max4095-middle|ML-KEM-512|fail-modulus|seed:779000+coeff[256]:=4095|format=raw|provider=default|import-rejected|Provider routines:invalid key
noncanon-max4095-middle|ML-KEM-512|fail-modulus|seed:779000+coeff[256]:=4095|format=raw|provider=fips|blocked|reason=fips-unavailable
noncanon-q3329-last|ML-KEM-512|fail-modulus|seed:779000+coeff[511]:=3329|format=raw|provider=default|import-rejected|Provider routines:invalid key
noncanon-q3329-last|ML-KEM-512|fail-modulus|seed:779000+coeff[511]:=3329|format=raw|provider=fips|blocked|reason=fips-unavailable
noncanon-v4000-last|ML-KEM-512|fail-modulus|seed:779000+coeff[511]:=4000|format=raw|provider=default|import-rejected|Provider routines:invalid key
noncanon-v4000-last|ML-KEM-512|fail-modulus|seed:779000+coeff[511]:=4000|format=raw|provider=fips|blocked|reason=fips-unavailable
noncanon-max4095-last|ML-KEM-512|fail-modulus|seed:779000+coeff[511]:=4095|format=raw|provider=default|import-rejected|Provider routines:invalid key
noncanon-max4095-last|ML-KEM-512|fail-modulus|seed:779000+coeff[511]:=4095|format=raw|provider=fips|blocked|reason=fips-unavailable
len-minus-1|ML-KEM-512|fail-type|derived:len-1|format=raw|provider=default|import-rejected|Provider routines:invalid key length
len-minus-1|ML-KEM-512|fail-type|derived:len-1|format=raw|provider=fips|blocked|reason=fips-unavailable
len-plus-1|ML-KEM-512|fail-type|derived:len+1|format=raw|provider=default|import-rejected|Provider routines:invalid key length
len-plus-1|ML-KEM-512|fail-type|derived:len+1|format=raw|provider=fips|blocked|reason=fips-unavailable
rho-zero|ML-KEM-512|pass|derived:rho-mutation|format=raw|provider=default|import-accepted
rho-zero|ML-KEM-512|pass|derived:rho-mutation|format=raw|provider=fips|blocked|reason=fips-unavailable
rho-ff|ML-KEM-512|pass|derived:rho-mutation|format=raw|provider=default|import-accepted
rho-ff|ML-KEM-512|pass|derived:rho-mutation|format=raw|provider=fips|blocked|reason=fips-unavailable
rho-prng-a|ML-KEM-512|pass|derived:rho-mutation|format=raw|provider=default|import-accepted
rho-prng-a|ML-KEM-512|pass|derived:rho-mutation|format=raw|provider=fips|blocked|reason=fips-unavailable
rho-prng-b|ML-KEM-512|pass|derived:rho-mutation|format=raw|provider=default|import-accepted
rho-prng-b|ML-KEM-512|pass|derived:rho-mutation|format=raw|provider=fips|blocked|reason=fips-unavailable
valid-control|ML-KEM-768|pass|seed:20263824|format=raw|provider=default|import-accepted
valid-control|ML-KEM-768|pass|seed:20263824|format=raw|provider=fips|blocked|reason=fips-unavailable
valid-control|ML-KEM-768|pass|seed:20263825|format=raw|provider=default|import-accepted
valid-control|ML-KEM-768|pass|seed:20263825|format=raw|provider=fips|blocked|reason=fips-unavailable
valid-control|ML-KEM-768|pass|seed:20263826|format=raw|provider=default|import-accepted
valid-control|ML-KEM-768|pass|seed:20263826|format=raw|provider=fips|blocked|reason=fips-unavailable
valid-control|ML-KEM-768|pass|seed:20263827|format=raw|provider=default|import-accepted
valid-control|ML-KEM-768|pass|seed:20263827|format=raw|provider=fips|blocked|reason=fips-unavailable
valid-control|ML-KEM-768|pass|seed:20263828|format=raw|provider=default|import-accepted
valid-control|ML-KEM-768|pass|seed:20263828|format=raw|provider=fips|blocked|reason=fips-unavailable
valid-control|ML-KEM-768|pass|seed:20263829|format=raw|provider=default|import-accepted
valid-control|ML-KEM-768|pass|seed:20263829|format=raw|provider=fips|blocked|reason=fips-unavailable
valid-control|ML-KEM-768|pass|seed:20263830|format=raw|provider=default|import-accepted
valid-control|ML-KEM-768|pass|seed:20263830|format=raw|provider=fips|blocked|reason=fips-unavailable
valid-control|ML-KEM-768|pass|seed:20263831|format=raw|provider=default|import-accepted
valid-control|ML-KEM-768|pass|seed:20263831|format=raw|provider=fips|blocked|reason=fips-unavailable
valid-control|ML-KEM-768|pass|seed:20263832|format=raw|provider=default|import-accepted
valid-control|ML-KEM-768|pass|seed:20263832|format=raw|provider=fips|blocked|reason=fips-unavailable
valid-control|ML-KEM-768|pass|seed:20263833|format=raw|provider=default|import-accepted
valid-control|ML-KEM-768|pass|seed:20263833|format=raw|provider=fips|blocked|reason=fips-unavailable
valid-control|ML-KEM-768|pass|seed:20263834|format=raw|provider=default|import-accepted
valid-control|ML-KEM-768|pass|seed:20263834|format=raw|provider=fips|blocked|reason=fips-unavailable
valid-control|ML-KEM-768|pass|seed:20263835|format=raw|provider=default|import-accepted
valid-control|ML-KEM-768|pass|seed:20263835|format=raw|provider=fips|blocked|reason=fips-unavailable
valid-control|ML-KEM-768|pass|seed:20263836|format=raw|provider=default|import-accepted
valid-control|ML-KEM-768|pass|seed:20263836|format=raw|provider=fips|blocked|reason=fips-unavailable
valid-control|ML-KEM-768|pass|seed:20263837|format=raw|provider=default|import-accepted
valid-control|ML-KEM-768|pass|seed:20263837|format=raw|provider=fips|blocked|reason=fips-unavailable
valid-control|ML-KEM-768|pass|seed:20263838|format=raw|provider=default|import-accepted
valid-control|ML-KEM-768|pass|seed:20263838|format=raw|provider=fips|blocked|reason=fips-unavailable
valid-control|ML-KEM-768|pass|seed:20263839|format=raw|provider=default|import-accepted
valid-control|ML-KEM-768|pass|seed:20263839|format=raw|provider=fips|blocked|reason=fips-unavailable
valid-control|ML-KEM-768|pass|seed:20263840|format=raw|provider=default|import-accepted
valid-control|ML-KEM-768|pass|seed:20263840|format=raw|provider=fips|blocked|reason=fips-unavailable
valid-control|ML-KEM-768|pass|seed:20263841|format=raw|provider=default|import-accepted
valid-control|ML-KEM-768|pass|seed:20263841|format=raw|provider=fips|blocked|reason=fips-unavailable
valid-control|ML-KEM-768|pass|seed:20263842|format=raw|provider=default|import-accepted
valid-control|ML-KEM-768|pass|seed:20263842|format=raw|provider=fips|blocked|reason=fips-unavailable
valid-control|ML-KEM-768|pass|seed:20263843|format=raw|provider=default|import-accepted
valid-control|ML-KEM-768|pass|seed:20263843|format=raw|provider=fips|blocked|reason=fips-unavailable
valid-control|ML-KEM-768|pass|seed:20263844|format=raw|provider=default|import-accepted
valid-control|ML-KEM-768|pass|seed:20263844|format=raw|provider=fips|blocked|reason=fips-unavailable
valid-control|ML-KEM-768|pass|seed:20263845|format=raw|provider=default|import-accepted
valid-control|ML-KEM-768|pass|seed:20263845|format=raw|provider=fips|blocked|reason=fips-unavailable
valid-control|ML-KEM-768|pass|seed:20263846|format=raw|provider=default|import-accepted
valid-control|ML-KEM-768|pass|seed:20263846|format=raw|provider=fips|blocked|reason=fips-unavailable
valid-control|ML-KEM-768|pass|seed:20263847|format=raw|provider=default|import-accepted
valid-control|ML-KEM-768|pass|seed:20263847|format=raw|provider=fips|blocked|reason=fips-unavailable
valid-control|ML-KEM-768|pass|seed:20263848|format=raw|provider=default|import-accepted
valid-control|ML-KEM-768|pass|seed:20263848|format=raw|provider=fips|blocked|reason=fips-unavailable
valid-control|ML-KEM-768|pass|seed:20263849|format=raw|provider=default|import-accepted
valid-control|ML-KEM-768|pass|seed:20263849|format=raw|provider=fips|blocked|reason=fips-unavailable
valid-control|ML-KEM-768|pass|seed:20263850|format=raw|provider=default|import-accepted
valid-control|ML-KEM-768|pass|seed:20263850|format=raw|provider=fips|blocked|reason=fips-unavailable
valid-control|ML-KEM-768|pass|seed:20263851|format=raw|provider=default|import-accepted
valid-control|ML-KEM-768|pass|seed:20263851|format=raw|provider=fips|blocked|reason=fips-unavailable
valid-control|ML-KEM-768|pass|seed:20263852|format=raw|provider=default|import-accepted
valid-control|ML-KEM-768|pass|seed:20263852|format=raw|provider=fips|blocked|reason=fips-unavailable
valid-control|ML-KEM-768|pass|seed:20263853|format=raw|provider=default|import-accepted
valid-control|ML-KEM-768|pass|seed:20263853|format=raw|provider=fips|blocked|reason=fips-unavailable
valid-control|ML-KEM-768|pass|seed:20263854|format=raw|provider=default|import-accepted
valid-control|ML-KEM-768|pass|seed:20263854|format=raw|provider=fips|blocked|reason=fips-unavailable
valid-control|ML-KEM-768|pass|seed:20263855|format=raw|provider=default|import-accepted
valid-control|ML-KEM-768|pass|seed:20263855|format=raw|provider=fips|blocked|reason=fips-unavailable
noncanon-q3329-first|ML-KEM-768|fail-modulus|seed:780000+coeff[0]:=3329|format=raw|provider=default|import-rejected|Provider routines:invalid key
noncanon-q3329-first|ML-KEM-768|fail-modulus|seed:780000+coeff[0]:=3329|format=raw|provider=fips|blocked|reason=fips-unavailable
noncanon-v4000-first|ML-KEM-768|fail-modulus|seed:780000+coeff[0]:=4000|format=raw|provider=default|import-rejected|Provider routines:invalid key
noncanon-v4000-first|ML-KEM-768|fail-modulus|seed:780000+coeff[0]:=4000|format=raw|provider=fips|blocked|reason=fips-unavailable
noncanon-max4095-first|ML-KEM-768|fail-modulus|seed:780000+coeff[0]:=4095|format=raw|provider=default|import-rejected|Provider routines:invalid key
noncanon-max4095-first|ML-KEM-768|fail-modulus|seed:780000+coeff[0]:=4095|format=raw|provider=fips|blocked|reason=fips-unavailable
noncanon-q3329-middle|ML-KEM-768|fail-modulus|seed:780000+coeff[384]:=3329|format=raw|provider=default|import-rejected|Provider routines:invalid key
noncanon-q3329-middle|ML-KEM-768|fail-modulus|seed:780000+coeff[384]:=3329|format=raw|provider=fips|blocked|reason=fips-unavailable
noncanon-v4000-middle|ML-KEM-768|fail-modulus|seed:780000+coeff[384]:=4000|format=raw|provider=default|import-rejected|Provider routines:invalid key
noncanon-v4000-middle|ML-KEM-768|fail-modulus|seed:780000+coeff[384]:=4000|format=raw|provider=fips|blocked|reason=fips-unavailable
noncanon-max4095-middle|ML-KEM-768|fail-modulus|seed:780000+coeff[384]:=4095|format=raw|provider=default|import-rejected|Provider routines:invalid key
noncanon-max4095-middle|ML-KEM-768|fail-modulus|seed:780000+coeff[384]:=4095|format=raw|provider=fips|blocked|reason=fips-unavailable
noncanon-q3329-last|ML-KEM-768|fail-modulus|seed:780000+coeff[767]:=3329|format=raw|provider=default|import-rejected|Provider routines:invalid key
noncanon-q3329-last|ML-KEM-768|fail-modulus|seed:780000+coeff[767]:=3329|format=raw|provider=fips|blocked|reason=fips-unavailable
noncanon-v4000-last|ML-KEM-768|fail-modulus|seed:780000+coeff[767]:=4000|format=raw|provider=default|import-rejected|Provider routines:invalid key
noncanon-v4000-last|ML-KEM-768|fail-modulus|seed:780000+coeff[767]:=4000|format=raw|provider=fips|blocked|reason=fips-unavailable
noncanon-max4095-last|ML-KEM-768|fail-modulus|seed:780000+coeff[767]:=4095|format=raw|provider=default|import-rejected|Provider routines:invalid key
noncanon-max4095-last|ML-KEM-768|fail-modulus|seed:780000+coeff[767]:=4095|format=raw|provider=fips|blocked|reason=fips-unavailable
len-minus-1|ML-KEM-768|fail-type|derived:len-1|format=raw|provider=default|import-rejected|Provider routines:invalid key length
len-minus-1|ML-KEM-768|fail-type|derived:len-1|format=raw|provider=fips|blocked|reason=fips-unavailable
len-plus-1|ML-KEM-768|fail-type|derived:len+1|format=raw|provider=default|import-rejected|Provider routines:invalid key length
len-plus-1|ML-KEM-768|fail-type|derived:len+1|format=raw|provider=fips|blocked|reason=fips-unavailable
rho-zero|ML-KEM-768|pass|derived:rho-mutation|format=raw|provider=default|import-accepted
rho-zero|ML-KEM-768|pass|derived:rho-mutation|format=raw|provider=fips|blocked|reason=fips-unavailable
rho-ff|ML-KEM-768|pass|derived:rho-mutation|format=raw|provider=default|import-accepted
rho-ff|ML-KEM-768|pass|derived:rho-mutation|format=raw|provider=fips|blocked|reason=fips-unavailable
rho-prng-a|ML-KEM-768|pass|derived:rho-mutation|format=raw|provider=default|import-accepted
rho-prng-a|ML-KEM-768|pass|derived:rho-mutation|format=raw|provider=fips|blocked|reason=fips-unavailable
rho-prng-b|ML-KEM-768|pass|derived:rho-mutation|format=raw|provider=default|import-accepted
rho-prng-b|ML-KEM-768|pass|derived:rho-mutation|format=raw|provider=fips|blocked|reason=fips-unavailable
valid-control|ML-KEM-1024|pass|seed:20264824|format=raw|provider=default|import-accepted
valid-control|ML-KEM-1024|pass|seed:20264824|format=raw|provider=fips|blocked|reason=fips-unavailable
valid-control|ML-KEM-1024|pass|seed:20264825|format=raw|provider=default|import-accepted
valid-control|ML-KEM-1024|pass|seed:20264825|format=raw|provider=fips|blocked|reason=fips-unavailable
valid-control|ML-KEM-1024|pass|seed:20264826|format=raw|provider=default|import-accepted
valid-control|ML-KEM-1024|pass|seed:20264826|format=raw|provider=fips|blocked|reason=fips-unavailable
valid-control|ML-KEM-1024|pass|seed:20264827|format=raw|provider=default|import-accepted
valid-control|ML-KEM-1024|pass|seed:20264827|format=raw|provider=fips|blocked|reason=fips-unavailable
valid-control|ML-KEM-1024|pass|seed:20264828|format=raw|provider=default|import-accepted
valid-control|ML-KEM-1024|pass|seed:20264828|format=raw|provider=fips|blocked|reason=fips-unavailable
valid-control|ML-KEM-1024|pass|seed:20264829|format=raw|provider=default|import-accepted
valid-control|ML-KEM-1024|pass|seed:20264829|format=raw|provider=fips|blocked|reason=fips-unavailable
valid-control|ML-KEM-1024|pass|seed:20264830|format=raw|provider=default|import-accepted
valid-control|ML-KEM-1024|pass|seed:20264830|format=raw|provider=fips|blocked|reason=fips-unavailable
valid-control|ML-KEM-1024|pass|seed:20264831|format=raw|provider=default|import-accepted
valid-control|ML-KEM-1024|pass|seed:20264831|format=raw|provider=fips|blocked|reason=fips-unavailable
valid-control|ML-KEM-1024|pass|seed:20264832|format=raw|provider=default|import-accepted
valid-control|ML-KEM-1024|pass|seed:20264832|format=raw|provider=fips|blocked|reason=fips-unavailable
valid-control|ML-KEM-1024|pass|seed:20264833|format=raw|provider=default|import-accepted
valid-control|ML-KEM-1024|pass|seed:20264833|format=raw|provider=fips|blocked|reason=fips-unavailable
valid-control|ML-KEM-1024|pass|seed:20264834|format=raw|provider=default|import-accepted
valid-control|ML-KEM-1024|pass|seed:20264834|format=raw|provider=fips|blocked|reason=fips-unavailable
valid-control|ML-KEM-1024|pass|seed:20264835|format=raw|provider=default|import-accepted
valid-control|ML-KEM-1024|pass|seed:20264835|format=raw|provider=fips|blocked|reason=fips-unavailable
valid-control|ML-KEM-1024|pass|seed:20264836|format=raw|provider=default|import-accepted
valid-control|ML-KEM-1024|pass|seed:20264836|format=raw|provider=fips|blocked|reason=fips-unavailable
valid-control|ML-KEM-1024|pass|seed:20264837|format=raw|provider=default|import-accepted
valid-control|ML-KEM-1024|pass|seed:20264837|format=raw|provider=fips|blocked|reason=fips-unavailable
valid-control|ML-KEM-1024|pass|seed:20264838|format=raw|provider=default|import-accepted
valid-control|ML-KEM-1024|pass|seed:20264838|format=raw|provider=fips|blocked|reason=fips-unavailable
valid-control|ML-KEM-1024|pass|seed:20264839|format=raw|provider=default|import-accepted
valid-control|ML-KEM-1024|pass|seed:20264839|format=raw|provider=fips|blocked|reason=fips-unavailable
valid-control|ML-KEM-1024|pass|seed:20264840|format=raw|provider=default|import-accepted
valid-control|ML-KEM-1024|pass|seed:20264840|format=raw|provider=fips|blocked|reason=fips-unavailable
valid-control|ML-KEM-1024|pass|seed:20264841|format=raw|provider=default|import-accepted
valid-control|ML-KEM-1024|pass|seed:20264841|format=raw|provider=fips|blocked|reason=fips-unavailable
valid-control|ML-KEM-1024|pass|seed:20264842|format=raw|provider=default|import-accepted
valid-control|ML-KEM-1024|pass|seed:20264842|format=raw|provider=fips|blocked|reason=fips-unavailable
valid-control|ML-KEM-1024|pass|seed:20264843|format=raw|provider=default|import-accepted
valid-control|ML-KEM-1024|pass|seed:20264843|format=raw|provider=fips|blocked|reason=fips-unavailable
valid-control|ML-KEM-1024|pass|seed:20264844|format=raw|provider=default|import-accepted
valid-control|ML-KEM-1024|pass|seed:20264844|format=raw|provider=fips|blocked|reason=fips-unavailable
valid-control|ML-KEM-1024|pass|seed:20264845|format=raw|provider=default|import-accepted
valid-control|ML-KEM-1024|pass|seed:20264845|format=raw|provider=fips|blocked|reason=fips-unavailable
valid-control|ML-KEM-1024|pass|seed:20264846|format=raw|provider=default|import-accepted
valid-control|ML-KEM-1024|pass|seed:20264846|format=raw|provider=fips|blocked|reason=fips-unavailable
valid-control|ML-KEM-1024|pass|seed:20264847|format=raw|provider=default|import-accepted
valid-control|ML-KEM-1024|pass|seed:20264847|format=raw|provider=fips|blocked|reason=fips-unavailable
valid-control|ML-KEM-1024|pass|seed:20264848|format=raw|provider=default|import-accepted
valid-control|ML-KEM-1024|pass|seed:20264848|format=raw|provider=fips|blocked|reason=fips-unavailable
valid-control|ML-KEM-1024|pass|seed:20264849|format=raw|provider=default|import-accepted
valid-control|ML-KEM-1024|pass|seed:20264849|format=raw|provider=fips|blocked|reason=fips-unavailable
valid-control|ML-KEM-1024|pass|seed:20264850|format=raw|provider=default|import-accepted
valid-control|ML-KEM-1024|pass|seed:20264850|format=raw|provider=fips|blocked|reason=fips-unavailable
valid-control|ML-KEM-1024|pass|seed:20264851|format=raw|provider=default|import-accepted
valid-control|ML-KEM-1024|pass|seed:20264851|format=raw|provider=fips|blocked|reason=fips-unavailable
valid-control|ML-KEM-1024|pass|seed:20264852|format=raw|provider=default|import-accepted
valid-control|ML-KEM-1024|pass|seed:20264852|format=raw|provider=fips|blocked|reason=fips-unavailable
valid-control|ML-KEM-1024|pass|seed:20264853|format=raw|provider=default|import-accepted
valid-control|ML-KEM-1024|pass|seed:20264853|format=raw|provider=fips|blocked|reason=fips-unavailable
valid-control|ML-KEM-1024|pass|seed:20264854|format=raw|provider=default|import-accepted
valid-control|ML-KEM-1024|pass|seed:20264854|format=raw|provider=fips|blocked|reason=fips-unavailable
valid-control|ML-KEM-1024|pass|seed:20264855|format=raw|provider=default|import-accepted
valid-control|ML-KEM-1024|pass|seed:20264855|format=raw|provider=fips|blocked|reason=fips-unavailable
noncanon-q3329-first|ML-KEM-1024|fail-modulus|seed:781000+coeff[0]:=3329|format=raw|provider=default|import-rejected|Provider routines:invalid key
noncanon-q3329-first|ML-KEM-1024|fail-modulus|seed:781000+coeff[0]:=3329|format=raw|provider=fips|blocked|reason=fips-unavailable
noncanon-v4000-first|ML-KEM-1024|fail-modulus|seed:781000+coeff[0]:=4000|format=raw|provider=default|import-rejected|Provider routines:invalid key
noncanon-v4000-first|ML-KEM-1024|fail-modulus|seed:781000+coeff[0]:=4000|format=raw|provider=fips|blocked|reason=fips-unavailable
noncanon-max4095-first|ML-KEM-1024|fail-modulus|seed:781000+coeff[0]:=4095|format=raw|provider=default|import-rejected|Provider routines:invalid key
noncanon-max4095-first|ML-KEM-1024|fail-modulus|seed:781000+coeff[0]:=4095|format=raw|provider=fips|blocked|reason=fips-unavailable
noncanon-q3329-middle|ML-KEM-1024|fail-modulus|seed:781000+coeff[512]:=3329|format=raw|provider=default|import-rejected|Provider routines:invalid key
noncanon-q3329-middle|ML-KEM-1024|fail-modulus|seed:781000+coeff[512]:=3329|format=raw|provider=fips|blocked|reason=fips-unavailable
noncanon-v4000-middle|ML-KEM-1024|fail-modulus|seed:781000+coeff[512]:=4000|format=raw|provider=default|import-rejected|Provider routines:invalid key
noncanon-v4000-middle|ML-KEM-1024|fail-modulus|seed:781000+coeff[512]:=4000|format=raw|provider=fips|blocked|reason=fips-unavailable
noncanon-max4095-middle|ML-KEM-1024|fail-modulus|seed:781000+coeff[512]:=4095|format=raw|provider=default|import-rejected|Provider routines:invalid key
noncanon-max4095-middle|ML-KEM-1024|fail-modulus|seed:781000+coeff[512]:=4095|format=raw|provider=fips|blocked|reason=fips-unavailable
noncanon-q3329-last|ML-KEM-1024|fail-modulus|seed:781000+coeff[1023]:=3329|format=raw|provider=default|import-rejected|Provider routines:invalid key
noncanon-q3329-last|ML-KEM-1024|fail-modulus|seed:781000+coeff[1023]:=3329|format=raw|provider=fips|blocked|reason=fips-unavailable
noncanon-v4000-last|ML-KEM-1024|fail-modulus|seed:781000+coeff[1023]:=4000|format=raw|provider=default|import-rejected|Provider routines:invalid key
noncanon-v4000-last|ML-KEM-1024|fail-modulus|seed:781000+coeff[1023]:=4000|format=raw|provider=fips|blocked|reason=fips-unavailable
noncanon-max4095-last|ML-KEM-1024|fail-modulus|seed:781000+coeff[1023]:=4095|format=raw|provider=default|import-rejected|Provider routines:invalid key
noncanon-max4095-last|ML-KEM-1024|fail-modulus|seed:781000+coeff[1023]:=4095|format=raw|provider=fips|blocked|reason=fips-unavailable
len-minus-1|ML-KEM-1024|fail-type|derived:len-1|format=raw|provider=default|import-rejected|Provider routines:invalid key length
len-minus-1|ML-KEM-1024|fail-type|derived:len-1|format=raw|provider=fips|blocked|reason=fips-unavailable
len-plus-1|ML-KEM-1024|fail-type|derived:len+1|format=raw|provider=default|import-rejected|Provider routines:invalid key length
len-plus-1|ML-KEM-1024|fail-type|derived:len+1|format=raw|provider=fips|blocked|reason=fips-unavailable
rho-zero|ML-KEM-1024|pass|derived:rho-mutation|format=raw|provider=default|import-accepted
rho-zero|ML-KEM-1024|pass|derived:rho-mutation|format=raw|provider=fips|blocked|reason=fips-unavailable
rho-ff|ML-KEM-1024|pass|derived:rho-mutation|format=raw|provider=default|import-accepted
rho-ff|ML-KEM-1024|pass|derived:rho-mutation|format=raw|provider=fips|blocked|reason=fips-unavailable
rho-prng-a|ML-KEM-1024|pass|derived:rho-mutation|format=raw|provider=default|import-accepted
rho-prng-a|ML-KEM-1024|pass|derived:rho-mutation|format=raw|provider=fips|blocked|reason=fips-unavailable
rho-prng-b|ML-KEM-1024|pass|derived:rho-mutation|format=raw|provider=default|import-accepted
rho-prng-b|ML-KEM-1024|pass|derived:rho-mutation|format=raw|provider=fips|blocked|reason=fips-unavailable
cross-set-1024-as-768|ML-KEM-768|fail-type|seed:555000+4000|format=raw|provider=default|import-rejected|Provider routines:invalid key length
cross-set-1024-as-768|ML-KEM-768|fail-type|seed:555000+4000|format=raw|provider=fips|blocked|reason=fips-unavailable
cross-set-1024-as-512|ML-KEM-512|fail-type|seed:555000+4000|format=raw|provider=default|import-rejected|Provider routines:invalid key length
cross-set-1024-as-512|ML-KEM-512|fail-type|seed:555000+4000|format=raw|provider=fips|blocked|reason=fips-unavailable
cross-set-768-as-512|ML-KEM-512|fail-type|seed:555000+3000|format=raw|provider=default|import-rejected|Provider routines:invalid key length
cross-set-768-as-512|ML-KEM-512|fail-type|seed:555000+3000|format=raw|provider=fips|blocked|reason=fips-unavailable
congruent-plant|ML-KEM-512|fail-modulus|seed:911001+plant(c+q)@0,mid,last|format=raw|provider=default|import-rejected|Provider routines:invalid key
congruent-plant|ML-KEM-512|fail-modulus|seed:911001+plant(c+q)@0,mid,last|format=raw|provider=fips|blocked|reason=fips-unavailable
congruent-plant|ML-KEM-512|fail-modulus|seed:911002+plant(c+q)@0,mid,last|format=raw|provider=default|import-rejected|Provider routines:invalid key
congruent-plant|ML-KEM-512|fail-modulus|seed:911002+plant(c+q)@0,mid,last|format=raw|provider=fips|blocked|reason=fips-unavailable
congruent-plant|ML-KEM-512|fail-modulus|seed:911003+plant(c+q)@0,mid,last|format=raw|provider=default|import-rejected|Provider routines:invalid key
congruent-plant|ML-KEM-512|fail-modulus|seed:911003+plant(c+q)@0,mid,last|format=raw|provider=fips|blocked|reason=fips-unavailable
congruent-plant|ML-KEM-512|fail-modulus|seed:911004+plant(c+q)@0,mid,last|format=raw|provider=default|import-rejected|Provider routines:invalid key
congruent-plant|ML-KEM-512|fail-modulus|seed:911004+plant(c+q)@0,mid,last|format=raw|provider=fips|blocked|reason=fips-unavailable
congruent-plant|ML-KEM-512|fail-modulus|seed:911005+plant(c+q)@0,mid,last|format=raw|provider=default|import-rejected|Provider routines:invalid key
congruent-plant|ML-KEM-512|fail-modulus|seed:911005+plant(c+q)@0,mid,last|format=raw|provider=fips|blocked|reason=fips-unavailable
congruent-plant|ML-KEM-512|fail-modulus|seed:911006+plant(c+q)@0,mid,last|format=raw|provider=default|import-rejected|Provider routines:invalid key
congruent-plant|ML-KEM-512|fail-modulus|seed:911006+plant(c+q)@0,mid,last|format=raw|provider=fips|blocked|reason=fips-unavailable
congruent-plant|ML-KEM-512|fail-modulus|seed:911007+plant(c+q)@0,mid,last|format=raw|provider=default|import-rejected|Provider routines:invalid key
congruent-plant|ML-KEM-512|fail-modulus|seed:911007+plant(c+q)@0,mid,last|format=raw|provider=fips|blocked|reason=fips-unavailable
congruent-plant|ML-KEM-768|fail-modulus|seed:912000+plant(c+q)@0,mid,last|format=raw|provider=default|import-rejected|Provider routines:invalid key
congruent-plant|ML-KEM-768|fail-modulus|seed:912000+plant(c+q)@0,mid,last|format=raw|provider=fips|blocked|reason=fips-unavailable
congruent-plant|ML-KEM-768|fail-modulus|seed:912002+plant(c+q)@0,mid,last|format=raw|provider=default|import-rejected|Provider routines:invalid key
congruent-plant|ML-KEM-768|fail-modulus|seed:912002+plant(c+q)@0,mid,last|format=raw|provider=fips|blocked|reason=fips-unavailable
congruent-plant|ML-KEM-768|fail-modulus|seed:912004+plant(c+q)@0,mid,last|format=raw|provider=default|import-rejected|Provider routines:invalid key
congruent-plant|ML-KEM-768|fail-modulus|seed:912004+plant(c+q)@0,mid,last|format=raw|provider=fips|blocked|reason=fips-unavailable
congruent-plant|ML-KEM-768|fail-modulus|seed:912005+plant(c+q)@0,mid,last|format=raw|provider=default|import-rejected|Provider routines:invalid key
congruent-plant|ML-KEM-768|fail-modulus|seed:912005+plant(c+q)@0,mid,last|format=raw|provider=fips|blocked|reason=fips-unavailable
congruent-plant|ML-KEM-768|fail-modulus|seed:912006+plant(c+q)@0,mid,last|format=raw|provider=default|import-rejected|Provider routines:invalid key
congruent-plant|ML-KEM-768|fail-modulus|seed:912006+plant(c+q)@0,mid,last|format=raw|provider=fips|blocked|reason=fips-unavailable
congruent-plant|ML-KEM-768|fail-modulus|seed:912007+plant(c+q)@0,mid,last|format=raw|provider=default|import-rejected|Provider routines:invalid key
congruent-plant|ML-KEM-768|fail-modulus|seed:912007+plant(c+q)@0,mid,last|format=raw|provider=fips|blocked|reason=fips-unavailable
congruent-plant|ML-KEM-1024|fail-modulus|seed:913001+plant(c+q)@0,mid,last|format=raw|provider=default|import-rejected|Provider routines:invalid key
congruent-plant|ML-KEM-1024|fail-modulus|seed:913001+plant(c+q)@0,mid,last|format=raw|provider=fips|blocked|reason=fips-unavailable
congruent-plant|ML-KEM-1024|fail-modulus|seed:913002+plant(c+q)@0,mid,last|format=raw|provider=default|import-rejected|Provider routines:invalid key
congruent-plant|ML-KEM-1024|fail-modulus|seed:913002+plant(c+q)@0,mid,last|format=raw|provider=fips|blocked|reason=fips-unavailable
congruent-plant|ML-KEM-1024|fail-modulus|seed:913003+plant(c+q)@0,mid,last|format=raw|provider=default|import-rejected|Provider routines:invalid key
congruent-plant|ML-KEM-1024|fail-modulus|seed:913003+plant(c+q)@0,mid,last|format=raw|provider=fips|blocked|reason=fips-unavailable
congruent-plant|ML-KEM-1024|fail-modulus|seed:913004+plant(c+q)@0,mid,last|format=raw|provider=default|import-rejected|Provider routines:invalid key
congruent-plant|ML-KEM-1024|fail-modulus|seed:913004+plant(c+q)@0,mid,last|format=raw|provider=fips|blocked|reason=fips-unavailable
congruent-plant|ML-KEM-1024|fail-modulus|seed:913005+plant(c+q)@0,mid,last|format=raw|provider=default|import-rejected|Provider routines:invalid key
congruent-plant|ML-KEM-1024|fail-modulus|seed:913005+plant(c+q)@0,mid,last|format=raw|provider=fips|blocked|reason=fips-unavailable
congruent-plant|ML-KEM-1024|fail-modulus|seed:913007+plant(c+q)@0,mid,last|format=raw|provider=default|import-rejected|Provider routines:invalid key
congruent-plant|ML-KEM-1024|fail-modulus|seed:913007+plant(c+q)@0,mid,last|format=raw|provider=fips|blocked|reason=fips-unavailable
wycheproof-modoverflow|ML-KEM-512|fail-modulus|wycheproof:tcId2|format=raw|provider=default|import-rejected|Provider routines:invalid key
wycheproof-modoverflow|ML-KEM-512|fail-modulus|wycheproof:tcId2|format=raw|provider=fips|blocked|reason=fips-unavailable
wycheproof-modoverflow|ML-KEM-512|fail-modulus|wycheproof:tcId3|format=raw|provider=default|import-rejected|Provider routines:invalid key
wycheproof-modoverflow|ML-KEM-512|fail-modulus|wycheproof:tcId3|format=raw|provider=fips|blocked|reason=fips-unavailable
wycheproof-modoverflow|ML-KEM-512|fail-modulus|wycheproof:tcId4|format=raw|provider=default|import-rejected|Provider routines:invalid key
wycheproof-modoverflow|ML-KEM-512|fail-modulus|wycheproof:tcId4|format=raw|provider=fips|blocked|reason=fips-unavailable
wycheproof-modoverflow|ML-KEM-512|fail-modulus|wycheproof:tcId5|format=raw|provider=default|import-rejected|Provider routines:invalid key
wycheproof-modoverflow|ML-KEM-512|fail-modulus|wycheproof:tcId5|format=raw|provider=fips|blocked|reason=fips-unavailable
wycheproof-modoverflow|ML-KEM-512|fail-modulus|wycheproof:tcId6|format=raw|provider=default|import-rejected|Provider routines:invalid key
wycheproof-modoverflow|ML-KEM-512|fail-modulus|wycheproof:tcId6|format=raw|provider=fips|blocked|reason=fips-unavailable
wycheproof-modoverflow|ML-KEM-512|fail-modulus|wycheproof:tcId7|format=raw|provider=default|import-rejected|Provider routines:invalid key
wycheproof-modoverflow|ML-KEM-512|fail-modulus|wycheproof:tcId7|format=raw|provider=fips|blocked|reason=fips-unavailable
wycheproof-modoverflow|ML-KEM-512|fail-modulus|wycheproof:tcId8|format=raw|provider=default|import-rejected|Provider routines:invalid key
wycheproof-modoverflow|ML-KEM-512|fail-modulus|wycheproof:tcId8|format=raw|provider=fips|blocked|reason=fips-unavailable
wycheproof-modoverflow|ML-KEM-512|fail-modulus|wycheproof:tcId9|format=raw|provider=default|import-rejected|Provider routines:invalid key
wycheproof-modoverflow|ML-KEM-512|fail-modulus|wycheproof:tcId9|format=raw|provider=fips|blocked|reason=fips-unavailable
wycheproof-modoverflow|ML-KEM-768|fail-modulus|wycheproof:tcId2|format=raw|provider=default|import-rejected|Provider routines:invalid key
wycheproof-modoverflow|ML-KEM-768|fail-modulus|wycheproof:tcId2|format=raw|provider=fips|blocked|reason=fips-unavailable
wycheproof-modoverflow|ML-KEM-768|fail-modulus|wycheproof:tcId3|format=raw|provider=default|import-rejected|Provider routines:invalid key
wycheproof-modoverflow|ML-KEM-768|fail-modulus|wycheproof:tcId3|format=raw|provider=fips|blocked|reason=fips-unavailable
wycheproof-modoverflow|ML-KEM-768|fail-modulus|wycheproof:tcId4|format=raw|provider=default|import-rejected|Provider routines:invalid key
wycheproof-modoverflow|ML-KEM-768|fail-modulus|wycheproof:tcId4|format=raw|provider=fips|blocked|reason=fips-unavailable
wycheproof-modoverflow|ML-KEM-768|fail-modulus|wycheproof:tcId5|format=raw|provider=default|import-rejected|Provider routines:invalid key
wycheproof-modoverflow|ML-KEM-768|fail-modulus|wycheproof:tcId5|format=raw|provider=fips|blocked|reason=fips-unavailable
wycheproof-modoverflow|ML-KEM-768|fail-modulus|wycheproof:tcId6|format=raw|provider=default|import-rejected|Provider routines:invalid key
wycheproof-modoverflow|ML-KEM-768|fail-modulus|wycheproof:tcId6|format=raw|provider=fips|blocked|reason=fips-unavailable
wycheproof-modoverflow|ML-KEM-768|fail-modulus|wycheproof:tcId7|format=raw|provider=default|import-rejected|Provider routines:invalid key
wycheproof-modoverflow|ML-KEM-768|fail-modulus|wycheproof:tcId7|format=raw|provider=fips|blocked|reason=fips-unavailable
wycheproof-modoverflow|ML-KEM-768|fail-modulus|wycheproof:tcId8|format=raw|provider=default|import-rejected|Provider routines:invalid key
wycheproof-modoverflow|ML-KEM-768|fail-modulus|wycheproof:tcId8|format=raw|provider=fips|blocked|reason=fips-unavailable
wycheproof-modoverflow|ML-KEM-768|fail-modulus|wycheproof:tcId9|format=raw|provider=default|import-rejected|Provider routines:invalid key
wycheproof-modoverflow|ML-KEM-768|fail-modulus|wycheproof:tcId9|format=raw|provider=fips|blocked|reason=fips-unavailable
wycheproof-modoverflow|ML-KEM-768|fail-modulus|wycheproof:tcId10|format=raw|provider=default|import-rejected|Provider routines:invalid key
wycheproof-modoverflow|ML-KEM-768|fail-modulus|wycheproof:tcId10|format=raw|provider=fips|blocked|reason=fips-unavailable
wycheproof-modoverflow|ML-KEM-768|fail-modulus|wycheproof:tcId11|format=raw|provider=default|import-rejected|Provider routines:invalid key
wycheproof-modoverflow|ML-KEM-768|fail-modulus|wycheproof:tcId11|format=raw|provider=fips|blocked|reason=fips-unavailable
wycheproof-modoverflow|ML-KEM-768|fail-modulus|wycheproof:tcId12|format=raw|provider=default|import-rejected|Provider routines:invalid key
wycheproof-modoverflow|ML-KEM-768|fail-modulus|wycheproof:tcId12|format=raw|provider=fips|blocked|reason=fips-unavailable
wycheproof-modoverflow|ML-KEM-768|fail-modulus|wycheproof:tcId13|format=raw|provider=default|import-rejected|Provider routines:invalid key
wycheproof-modoverflow|ML-KEM-768|fail-modulus|wycheproof:tcId13|format=raw|provider=fips|blocked|reason=fips-unavailable
wycheproof-modoverflow|ML-KEM-1024|fail-modulus|wycheproof:tcId2|format=raw|provider=default|import-rejected|Provider routines:invalid key
wycheproof-modoverflow|ML-KEM-1024|fail-modulus|wycheproof:tcId2|format=raw|provider=fips|blocked|reason=fips-unavailable
wycheproof-modoverflow|ML-KEM-1024|fail-modulus|wycheproof:tcId3|format=raw|provider=default|import-rejected|Provider routines:invalid key
wycheproof-modoverflow|ML-KEM-1024|fail-modulus|wycheproof:tcId3|format=raw|provider=fips|blocked|reason=fips-unavailable
wycheproof-modoverflow|ML-KEM-1024|fail-modulus|wycheproof:tcId4|format=raw|provider=default|import-rejected|Provider routines:invalid key
wycheproof-modoverflow|ML-KEM-1024|fail-modulus|wycheproof:tcId4|format=raw|provider=fips|blocked|reason=fips-unavailable
wycheproof-modoverflow|ML-KEM-1024|fail-modulus|wycheproof:tcId5|format=raw|provider=default|import-rejected|Provider routines:invalid key
wycheproof-modoverflow|ML-KEM-1024|fail-modulus|wycheproof:tcId5|format=raw|provider=fips|blocked|reason=fips-unavailable
wycheproof-modoverflow|ML-KEM-1024|fail-modulus|wycheproof:tcId6|format=raw|provider=default|import-rejected|Provider routines:invalid key
wycheproof-modoverflow|ML-KEM-1024|fail-modulus|wycheproof:tcId6|format=raw|provider=fips|blocked|reason=fips-unavailable
wycheproof-modoverflow|ML-KEM-1024|fail-modulus|wycheproof:tcId7|format=raw|provider=default|import-rejected|Provider routines:invalid key
wycheproof-modoverflow|ML-KEM-1024|fail-modulus|wycheproof:tcId7|format=raw|provider=fips|blocked|reason=fips-unavailable
wycheproof-modoverflow|ML-KEM-1024|fail-modulus|wycheproof:tcId8|format=raw|provider=default|import-rejected|Provider routines:invalid key
wycheproof-modoverflow|ML-KEM-1024|fail-modulus|wycheproof:tcId8|format=raw|provider=fips|blocked|reason=fips-unavailable
wycheproof-modoverflow|ML-KEM-1024|fail-modulus|wycheproof:tcId9|format=raw|provider=default|import-rejected|Provider routines:invalid key
wycheproof-modoverflow|ML-KEM-1024|fail-modulus|wycheproof:tcId9|format=raw|provider=fips|blocked|reason=fips-unavailable
wycheproof-modoverflow|ML-KEM-1024|fail-modulus|wycheproof:tcId10|format=raw|provider=default|import-rejected|Provider routines:invalid key
wycheproof-modoverflow|ML-KEM-1024|fail-modulus|wycheproof:tcId10|format=raw|provider=fips|blocked|reason=fips-unavailable
wycheproof-modoverflow|ML-KEM-1024|fail-modulus|wycheproof:tcId11|format=raw|provider=default|import-rejected|Provider routines:invalid key
wycheproof-modoverflow|ML-KEM-1024|fail-modulus|wycheproof:tcId11|format=raw|provider=fips|blocked|reason=fips-unavailable
wycheproof-modoverflow|ML-KEM-1024|fail-modulus|wycheproof:tcId12|format=raw|provider=default|import-rejected|Provider routines:invalid key
wycheproof-modoverflow|ML-KEM-1024|fail-modulus|wycheproof:tcId12|format=raw|provider=fips|blocked|reason=fips-unavailable
wycheproof-modoverflow|ML-KEM-1024|fail-modulus|wycheproof:tcId13|format=raw|provider=default|import-rejected|Provider routines:invalid key
wycheproof-modoverflow|ML-KEM-1024|fail-modulus|wycheproof:tcId13|format=raw|provider=fips|blocked|reason=fips-unavailable
wycheproof-modoverflow|ML-KEM-1024|fail-modulus|wycheproof:tcId14|format=raw|provider=default|import-rejected|Provider routines:invalid key
wycheproof-modoverflow|ML-KEM-1024|fail-modulus|wycheproof:tcId14|format=raw|provider=fips|blocked|reason=fips-unavailable
wycheproof-modoverflow|ML-KEM-1024|fail-modulus|wycheproof:tcId15|format=raw|provider=default|import-rejected|Provider routines:invalid key
wycheproof-modoverflow|ML-KEM-1024|fail-modulus|wycheproof:tcId15|format=raw|provider=fips|blocked|reason=fips-unavailable
wycheproof-modoverflow|ML-KEM-1024|fail-modulus|wycheproof:tcId16|format=raw|provider=default|import-rejected|Provider routines:invalid key
wycheproof-modoverflow|ML-KEM-1024|fail-modulus|wycheproof:tcId16|format=raw|provider=fips|blocked|reason=fips-unavailable
wycheproof-modoverflow|ML-KEM-1024|fail-modulus|wycheproof:tcId17|format=raw|provider=default|import-rejected|Provider routines:invalid key
wycheproof-modoverflow|ML-KEM-1024|fail-modulus|wycheproof:tcId17|format=raw|provider=fips|blocked|reason=fips-unavailable
SUMMARY|total=199|matrix_cells=4|fips_available=0
